season,round,race_name,driver_id,driver_code,driver_name,constructor_id,constructor,qualifying_position,Q1,Q2,Q3
2020,1,Austrian Grand Prix,bottas,BOT,Valtteri Bottas,mercedes,Mercedes,1,1:04.111,1:03.015,1:02.939
2020,1,Austrian Grand Prix,hamilton,HAM,Lewis Hamilton,mercedes,Mercedes,2,1:04.198,1:03.096,1:02.951
2020,1,Austrian Grand Prix,max_verstappen,VER,Max Verstappen,red_bull,Red Bull,3,1:04.024,1:04.000,1:03.477
2020,1,Austrian Grand Prix,norris,NOR,Lando Norris,mclaren,McLaren,4,1:04.606,1:03.819,1:03.626
2020,1,Austrian Grand Prix,albon,ALB,Alexander Albon,red_bull,Red Bull,5,1:04.661,1:03.746,1:03.868
2020,1,Austrian Grand Prix,perez,PER,Sergio Pérez,racing_point,Racing Point,6,1:04.543,1:03.860,1:03.868
2020,1,Austrian Grand Prix,leclerc,LEC,Charles Leclerc,ferrari,Ferrari,7,1:04.500,1:04.041,1:03.923
2020,1,Austrian Grand Prix,sainz,SAI,Carlos Sainz,mclaren,McLaren,8,1:04.537,1:03.971,1:03.971
2020,1,Austrian Grand Prix,stroll,STR,Lance Stroll,racing_point,Racing Point,9,1:04.309,1:03.955,1:04.029
2020,1,Austrian Grand Prix,ricciardo,RIC,Daniel Ricciardo,renault,Renault,10,1:04.556,1:04.023,1:04.239
2020,1,Austrian Grand Prix,vettel,VET,Sebastian Vettel,ferrari,Ferrari,11,1:04.554,1:04.206,
2020,1,Austrian Grand Prix,gasly,GAS,Pierre Gasly,alphatauri,AlphaTauri,12,1:04.603,1:04.305,
2020,1,Austrian Grand Prix,kvyat,KVY,Daniil Kvyat,alphatauri,AlphaTauri,13,1:05.031,1:04.431,
2020,1,Austrian Grand Prix,ocon,OCO,Esteban Ocon,renault,Renault,14,1:04.933,1:04.643,
2020,1,Austrian Grand Prix,grosjean,GRO,Romain Grosjean,haas,Haas F1 Team,15,1:05.094,1:04.691,
2020,1,Austrian Grand Prix,kevin_magnussen,MAG,Kevin Magnussen,haas,Haas F1 Team,16,1:05.164,,
2020,1,Austrian Grand Prix,russell,RUS,George Russell,williams,Williams,17,1:05.167,,
2020,1,Austrian Grand Prix,giovinazzi,GIO,Antonio Giovinazzi,alfa,Alfa Romeo,18,1:05.175,,
2020,1,Austrian Grand Prix,raikkonen,RAI,Kimi Räikkönen,alfa,Alfa Romeo,19,1:05.224,,
2020,1,Austrian Grand Prix,latifi,LAT,Nicholas Latifi,williams,Williams,20,1:05.757,,
2020,2,Styrian Grand Prix,hamilton,HAM,Lewis Hamilton,mercedes,Mercedes,1,1:18.188,1:17.825,1:19.273
2020,2,Styrian Grand Prix,max_verstappen,VER,Max Verstappen,red_bull,Red Bull,2,1:18.297,1:17.938,1:20.489
2020,2,Styrian Grand Prix,sainz,SAI,Carlos Sainz,mclaren,McLaren,3,1:18.590,1:18.836,1:20.671
2020,2,Styrian Grand Prix,bottas,BOT,Valtteri Bottas,mercedes,Mercedes,4,1:18.791,1:18.657,1:20.701
2020,2,Styrian Grand Prix,ocon,OCO,Esteban Ocon,renault,Renault,5,1:19.687,1:18.764,1:20.922
2020,2,Styrian Grand Prix,norris,NOR,Lando Norris,mclaren,McLaren,6,1:18.504,1:18.448,1:20.925
2020,2,Styrian Grand Prix,albon,ALB,Alexander Albon,red_bull,Red Bull,7,1:20.882,1:19.014,1:21.011
2020,2,Styrian Grand Prix,gasly,GAS,Pierre Gasly,alphatauri,AlphaTauri,8,1:20.192,1:18.744,1:21.028
2020,2,Styrian Grand Prix,ricciardo,RIC,Daniel Ricciardo,renault,Renault,9,1:19.662,1:19.229,1:21.192
2020,2,Styrian Grand Prix,vettel,VET,Sebastian Vettel,ferrari,Ferrari,10,1:20.243,1:19.545,1:21.651
2020,2,Styrian Grand Prix,leclerc,LEC,Charles Leclerc,ferrari,Ferrari,11,1:20.871,1:19.628,
2020,2,Styrian Grand Prix,russell,RUS,George Russell,williams,Williams,12,1:20.382,1:19.636,
2020,2,Styrian Grand Prix,stroll,STR,Lance Stroll,racing_point,Racing Point,13,1:19.697,1:19.645,
2020,2,Styrian Grand Prix,kvyat,KVY,Daniil Kvyat,alphatauri,AlphaTauri,14,1:19.824,1:19.717,
2020,2,Styrian Grand Prix,kevin_magnussen,MAG,Kevin Magnussen,haas,Haas F1 Team,15,1:21.140,1:20.211,
2020,2,Styrian Grand Prix,raikkonen,RAI,Kimi Räikkönen,alfa,Alfa Romeo,16,1:21.140,,
2020,2,Styrian Grand Prix,perez,PER,Sergio Pérez,racing_point,Racing Point,17,1:21.607,,
2020,2,Styrian Grand Prix,latifi,LAT,Nicholas Latifi,williams,Williams,18,1:21.759,,
2020,2,Styrian Grand Prix,giovinazzi,GIO,Antonio Giovinazzi,alfa,Alfa Romeo,19,1:21.831,,
2020,2,Styrian Grand Prix,grosjean,GRO,Romain Grosjean,haas,Haas F1 Team,20,,,
2020,3,Hungarian Grand Prix,hamilton,HAM,Lewis Hamilton,mercedes,Mercedes,1,1:14.907,1:14.261,1:13.447
2020,3,Hungarian Grand Prix,bottas,BOT,Valtteri Bottas,mercedes,Mercedes,2,1:15.474,1:14.530,1:13.554
2020,3,Hungarian Grand Prix,stroll,STR,Lance Stroll,racing_point,Racing Point,3,1:14.895,1:15.176,1:14.377
2020,3,Hungarian Grand Prix,perez,PER,Sergio Pérez,racing_point,Racing Point,4,1:14.681,1:15.394,1:14.545
2020,3,Hungarian Grand Prix,vettel,VET,Sebastian Vettel,ferrari,Ferrari,5,1:15.455,1:15.131,1:14.774
2020,3,Hungarian Grand Prix,leclerc,LEC,Charles Leclerc,ferrari,Ferrari,6,1:15.793,1:15.006,1:14.817
2020,3,Hungarian Grand Prix,max_verstappen,VER,Max Verstappen,red_bull,Red Bull,7,1:15.495,1:14.976,1:14.849
2020,3,Hungarian Grand Prix,norris,NOR,Lando Norris,mclaren,McLaren,8,1:15.444,1:15.085,1:14.966
2020,3,Hungarian Grand Prix,sainz,SAI,Carlos Sainz,mclaren,McLaren,9,1:15.281,1:15.267,1:15.027
2020,3,Hungarian Grand Prix,gasly,GAS,Pierre Gasly,alphatauri,AlphaTauri,10,1:15.767,1:15.508,
2020,3,Hungarian Grand Prix,ricciardo,RIC,Daniel Ricciardo,renault,Renault,11,1:15.848,1:15.661,
2020,3,Hungarian Grand Prix,russell,RUS,George Russell,williams,Williams,12,1:15.585,1:15.698,
2020,3,Hungarian Grand Prix,albon,ALB,Alexander Albon,red_bull,Red Bull,13,1:15.722,1:15.715,
2020,3,Hungarian Grand Prix,ocon,OCO,Esteban Ocon,renault,Renault,14,1:15.719,1:15.742,
2020,3,Hungarian Grand Prix,latifi,LAT,Nicholas Latifi,williams,Williams,15,1:16.105,1:16.544,
2020,3,Hungarian Grand Prix,kevin_magnussen,MAG,Kevin Magnussen,haas,Haas F1 Team,16,1:16.152,,
2020,3,Hungarian Grand Prix,kvyat,KVY,Daniil Kvyat,alphatauri,AlphaTauri,17,1:16.204,,
2020,3,Hungarian Grand Prix,grosjean,GRO,Romain Grosjean,haas,Haas F1 Team,18,1:16.407,,
2020,3,Hungarian Grand Prix,giovinazzi,GIO,Antonio Giovinazzi,alfa,Alfa Romeo,19,1:16.506,,
2020,3,Hungarian Grand Prix,raikkonen,RAI,Kimi Räikkönen,alfa,Alfa Romeo,20,1:16.614,,
2020,4,British Grand Prix,hamilton,HAM,Lewis Hamilton,mercedes,Mercedes,1,1:25.900,1:25.347,1:24.303
2020,4,British Grand Prix,bottas,BOT,Valtteri Bottas,mercedes,Mercedes,2,1:25.801,1:25.015,1:24.616
2020,4,British Grand Prix,max_verstappen,VER,Max Verstappen,red_bull,Red Bull,3,1:26.115,1:26.144,1:25.325
2020,4,British Grand Prix,leclerc,LEC,Charles Leclerc,ferrari,Ferrari,4,1:26.550,1:26.203,1:25.427
2020,4,British Grand Prix,norris,NOR,Lando Norris,mclaren,McLaren,5,1:26.855,1:26.420,1:25.782
2020,4,British Grand Prix,stroll,STR,Lance Stroll,racing_point,Racing Point,6,1:26.243,1:26.501,1:25.839
2020,4,British Grand Prix,sainz,SAI,Carlos Sainz,mclaren,McLaren,7,1:26.715,1:26.149,1:25.965
2020,4,British Grand Prix,ricciardo,RIC,Daniel Ricciardo,renault,Renault,8,1:26.677,1:26.339,1:26.009
2020,4,British Grand Prix,ocon,OCO,Esteban Ocon,renault,Renault,9,1:26.396,1:26.252,1:26.209
2020,4,British Grand Prix,vettel,VET,Sebastian Vettel,ferrari,Ferrari,10,1:26.469,1:26.455,1:26.339
2020,4,British Grand Prix,gasly,GAS,Pierre Gasly,alphatauri,AlphaTauri,11,1:26.343,1:26.501,
2020,4,British Grand Prix,albon,ALB,Alexander Albon,red_bull,Red Bull,12,1:26.565,1:26.545,
2020,4,British Grand Prix,hulkenberg,HUL,Nico Hülkenberg,racing_point,Racing Point,13,1:26.327,1:26.566,
2020,4,British Grand Prix,kvyat,KVY,Daniil Kvyat,alphatauri,AlphaTauri,14,1:26.774,1:26.744,
2020,4,British Grand Prix,russell,RUS,George Russell,williams,Williams,15,1:26.732,1:27.092,
2020,4,British Grand Prix,kevin_magnussen,MAG,Kevin Magnussen,haas,Haas F1 Team,16,1:27.158,,
2020,4,British Grand Prix,giovinazzi,GIO,Antonio Giovinazzi,alfa,Alfa Romeo,17,1:27.164,,
2020,4,British Grand Prix,raikkonen,RAI,Kimi Räikkönen,alfa,Alfa Romeo,18,1:27.366,,
2020,4,British Grand Prix,grosjean,GRO,Romain Grosjean,haas,Haas F1 Team,19,1:27.643,,
2020,4,British Grand Prix,latifi,LAT,Nicholas Latifi,williams,Williams,20,1:27.705,,
2020,5,70th Anniversary Grand Prix,bottas,BOT,Valtteri Bottas,mercedes,Mercedes,1,1:26.738,1:25.785,1:25.154
2020,5,70th Anniversary Grand Prix,hamilton,HAM,Lewis Hamilton,mercedes,Mercedes,2,1:26.818,1:26.266,1:25.217
2020,5,70th Anniversary Grand Prix,hulkenberg,HUL,Nico Hülkenberg,racing_point,Racing Point,3,1:27.279,1:26.261,1:26.082
2020,5,70th Anniversary Grand Prix,max_verstappen,VER,Max Verstappen,red_bull,Red Bull,4,1:27.154,1:26.779,1:26.176
2020,5,70th Anniversary Grand Prix,ricciardo,RIC,Daniel Ricciardo,renault,Renault,5,1:27.442,1:26.636,1:26.297
2020,5,70th Anniversary Grand Prix,stroll,STR,Lance Stroll,racing_point,Racing Point,6,1:27.187,1:26.674,1:26.428
2020,5,70th Anniversary Grand Prix,gasly,GAS,Pierre Gasly,alphatauri,AlphaTauri,7,1:27.154,1:26.523,1:26.534
2020,5,70th Anniversary Grand Prix,leclerc,LEC,Charles Leclerc,ferrari,Ferrari,8,1:27.427,1:26.709,1:26.614
2020,5,70th Anniversary Grand Prix,albon,ALB,Alexander Albon,red_bull,Red Bull,9,1:27.153,1:26.642,1:26.669
2020,5,70th Anniversary Grand Prix,norris,NOR,Lando Norris,mclaren,McLaren,10,1:27.217,1:26.885,1:26.778
2020,5,70th Anniversary Grand Prix,ocon,OCO,Esteban Ocon,renault,Renault,11,1:27.278,1:27.011,
2020,5,70th Anniversary Grand Prix,vettel,VET,Sebastian Vettel,ferrari,Ferrari,12,1:27.612,1:27.078,
2020,5,70th Anniversary Grand Prix,sainz,SAI,Carlos Sainz,mclaren,McLaren,13,1:27.450,1:27.083,
2020,5,70th Anniversary Grand Prix,grosjean,GRO,Romain Grosjean,haas,Haas F1 Team,14,1:27.519,1:27.254,
2020,5,70th Anniversary Grand Prix,russell,RUS,George Russell,williams,Williams,15,1:27.757,1:27.455,
2020,5,70th Anniversary Grand Prix,kvyat,KVY,Daniil Kvyat,alphatauri,AlphaTauri,16,1:27.882,,
2020,5,70th Anniversary Grand Prix,kevin_magnussen,MAG,Kevin Magnussen,haas,Haas F1 Team,17,1:28.236,,
2020,5,70th Anniversary Grand Prix,latifi,LAT,Nicholas Latifi,williams,Williams,18,1:28.430,,
2020,5,70th Anniversary Grand Prix,giovinazzi,GIO,Antonio Giovinazzi,alfa,Alfa Romeo,19,1:28.433,,
2020,5,70th Anniversary Grand Prix,raikkonen,RAI,Kimi Räikkönen,alfa,Alfa Romeo,20,1:28.493,,
2020,6,Spanish Grand Prix,hamilton,HAM,Lewis Hamilton,mercedes,Mercedes,1,1:16.872,1:16.013,1:15.584
2020,6,Spanish Grand Prix,bottas,BOT,Valtteri Bottas,mercedes,Mercedes,2,1:17.243,1:16.152,1:15.643
2020,6,Spanish Grand Prix,max_verstappen,VER,Max Verstappen,red_bull,Red Bull,3,1:17.213,1:16.518,1:16.292
2020,6,Spanish Grand Prix,perez,PER,Sergio Pérez,racing_point,Racing Point,4,1:17.117,1:16.936,1:16.482
2020,6,Spanish Grand Prix,stroll,STR,Lance Stroll,racing_point,Racing Point,5,1:17.316,1:16.666,1:16.589
2020,6,Spanish Grand Prix,albon,ALB,Alexander Albon,red_bull,Red Bull,6,1:17.419,1:17.163,1:17.029
2020,6,Spanish Grand Prix,sainz,SAI,Carlos Sainz,mclaren,McLaren,7,1:17.438,1:16.876,1:17.044
2020,6,Spanish Grand Prix,norris,NOR,Lando Norris,mclaren,McLaren,8,1:17.577,1:17.166,1:17.084
2020,6,Spanish Grand Prix,leclerc,LEC,Charles Leclerc,ferrari,Ferrari,9,1:17.256,1:16.953,1:17.087
2020,6,Spanish Grand Prix,gasly,GAS,Pierre Gasly,alphatauri,AlphaTauri,10,1:17.356,1:16.800,1:17.136
2020,6,Spanish Grand Prix,vettel,VET,Sebastian Vettel,ferrari,Ferrari,11,1:17.573,1:17.168,
2020,6,Spanish Grand Prix,kvyat,KVY,Daniil Kvyat,alphatauri,AlphaTauri,12,1:17.676,1:17.192,
2020,6,Spanish Grand Prix,ricciardo,RIC,Daniel Ricciardo,renault,Renault,13,1:17.667,1:17.198,
2020,6,Spanish Grand Prix,raikkonen,RAI,Kimi Räikkönen,alfa,Alfa Romeo,14,1:17.797,1:17.386,
2020,6,Spanish Grand Prix,ocon,OCO,Esteban Ocon,renault,Renault,15,1:17.765,1:17.567,
2020,6,Spanish Grand Prix,kevin_magnussen,MAG,Kevin Magnussen,haas,Haas F1 Team,16,1:17.908,,
2020,6,Spanish Grand Prix,grosjean,GRO,Romain Grosjean,haas,Haas F1 Team,17,1:18.089,,
2020,6,Spanish Grand Prix,russell,RUS,George Russell,williams,Williams,18,1:18.099,,
2020,6,Spanish Grand Prix,latifi,LAT,Nicholas Latifi,williams,Williams,19,1:18.532,,
2020,6,Spanish Grand Prix,giovinazzi,GIO,Antonio Giovinazzi,alfa,Alfa Romeo,20,1:18.697,,
2020,7,Belgian Grand Prix,hamilton,HAM,Lewis Hamilton,mercedes,Mercedes,1,1:42.323,1:42.014,1:41.252
2020,7,Belgian Grand Prix,bottas,BOT,Valtteri Bottas,mercedes,Mercedes,2,1:42.534,1:42.126,1:41.763
2020,7,Belgian Grand Prix,max_verstappen,VER,Max Verstappen,red_bull,Red Bull,3,1:43.197,1:42.473,1:41.778
2020,7,Belgian Grand Prix,ricciardo,RIC,Daniel Ricciardo,renault,Renault,4,1:43.309,1:42.487,1:42.061
2020,7,Belgian Grand Prix,albon,ALB,Alexander Albon,red_bull,Red Bull,5,1:43.418,1:42.193,1:42.264
2020,7,Belgian Grand Prix,ocon,OCO,Esteban Ocon,renault,Renault,6,1:43.505,1:42.534,1:42.396
2020,7,Belgian Grand Prix,sainz,SAI,Carlos Sainz,mclaren,McLaren,7,1:43.322,1:42.478,1:42.438
2020,7,Belgian Grand Prix,perez,PER,Sergio Pérez,racing_point,Racing Point,8,1:43.349,1:42.670,1:42.532
2020,7,Belgian Grand Prix,stroll,STR,Lance Stroll,racing_point,Racing Point,9,1:43.265,1:42.491,1:42.603
2020,7,Belgian Grand Prix,norris,NOR,Lando Norris,mclaren,McLaren,10,1:43.514,1:42.722,1:42.657
2020,7,Belgian Grand Prix,kvyat,KVY,Daniil Kvyat,alphatauri,AlphaTauri,11,1:43.267,1:42.730,
2020,7,Belgian Grand Prix,gasly,GAS,Pierre Gasly,alphatauri,AlphaTauri,12,1:43.262,1:42.745,
2020,7,Belgian Grand Prix,leclerc,LEC,Charles Leclerc,ferrari,Ferrari,13,1:43.656,1:42.996,
2020,7,Belgian Grand Prix,vettel,VET,Sebastian Vettel,ferrari,Ferrari,14,1:43.567,1:43.261,
2020,7,Belgian Grand Prix,russell,RUS,George Russell,williams,Williams,15,1:43.630,1:43.468,
2020,7,Belgian Grand Prix,raikkonen,RAI,Kimi Räikkönen,alfa,Alfa Romeo,16,1:43.743,,
2020,7,Belgian Grand Prix,grosjean,GRO,Romain Grosjean,haas,Haas F1 Team,17,1:43.838,,
2020,7,Belgian Grand Prix,giovinazzi,GIO,Antonio Giovinazzi,alfa,Alfa Romeo,18,1:43.950,,
2020,7,Belgian Grand Prix,latifi,LAT,Nicholas Latifi,williams,Williams,19,1:44.138,,
2020,7,Belgian Grand Prix,kevin_magnussen,MAG,Kevin Magnussen,haas,Haas F1 Team,20,1:44.314,,
2020,8,Italian Grand Prix,hamilton,HAM,Lewis Hamilton,mercedes,Mercedes,1,1:19.514,1:19.092,1:18.887
2020,8,Italian Grand Prix,bottas,BOT,Valtteri Bottas,mercedes,Mercedes,2,1:19.786,1:18.952,1:18.956
2020,8,Italian Grand Prix,sainz,SAI,Carlos Sainz,mclaren,McLaren,3,1:20.099,1:19.705,1:19.695
2020,8,Italian Grand Prix,perez,PER,Sergio Pérez,racing_point,Racing Point,4,1:20.048,1:19.718,1:19.720
2020,8,Italian Grand Prix,max_verstappen,VER,Max Verstappen,red_bull,Red Bull,5,1:20.193,1:19.780,1:19.795
2020,8,Italian Grand Prix,norris,NOR,Lando Norris,mclaren,McLaren,6,1:20.344,1:19.962,1:19.820
2020,8,Italian Grand Prix,ricciardo,RIC,Daniel Ricciardo,renault,Renault,7,1:20.548,1:20.031,1:19.864
2020,8,Italian Grand Prix,stroll,STR,Lance Stroll,racing_point,Racing Point,8,1:20.400,1:19.924,1:20.049
2020,8,Italian Grand Prix,albon,ALB,Alexander Albon,red_bull,Red Bull,9,1:21.104,1:20.064,1:20.090
2020,8,Italian Grand Prix,gasly,GAS,Pierre Gasly,alphatauri,AlphaTauri,10,1:20.145,1:19.909,1:20.177
2020,8,Italian Grand Prix,kvyat,KVY,Daniil Kvyat,alphatauri,AlphaTauri,11,1:20.307,1:20.169,
2020,8,Italian Grand Prix,ocon,OCO,Esteban Ocon,renault,Renault,12,1:20.747,1:20.234,
2020,8,Italian Grand Prix,leclerc,LEC,Charles Leclerc,ferrari,Ferrari,13,1:20.443,1:20.273,
2020,8,Italian Grand Prix,raikkonen,RAI,Kimi Räikkönen,alfa,Alfa Romeo,14,1:21.010,1:20.926,
2020,8,Italian Grand Prix,kevin_magnussen,MAG,Kevin Magnussen,haas,Haas F1 Team,15,1:20.869,1:21.573,
2020,8,Italian Grand Prix,grosjean,GRO,Romain Grosjean,haas,Haas F1 Team,16,1:21.139,,
2020,8,Italian Grand Prix,vettel,VET,Sebastian Vettel,ferrari,Ferrari,17,1:21.151,,
2020,8,Italian Grand Prix,giovinazzi,GIO,Antonio Giovinazzi,alfa,Alfa Romeo,18,1:21.206,,
2020,8,Italian Grand Prix,russell,RUS,George Russell,williams,Williams,19,1:21.587,,
2020,8,Italian Grand Prix,latifi,LAT,Nicholas Latifi,williams,Williams,20,1:21.717,,
2020,9,Tuscan Grand Prix,hamilton,HAM,Lewis Hamilton,mercedes,Mercedes,1,1:15.778,1:15.309,1:15.144
2020,9,Tuscan Grand Prix,bottas,BOT,Valtteri Bottas,mercedes,Mercedes,2,1:15.749,1:15.322,1:15.203
2020,9,Tuscan Grand Prix,max_verstappen,VER,Max Verstappen,red_bull,Red Bull,3,1:16.335,1:15.471,1:15.509
2020,9,Tuscan Grand Prix,albon,ALB,Alexander Albon,red_bull,Red Bull,4,1:16.527,1:15.914,1:15.954
2020,9,Tuscan Grand Prix,leclerc,LEC,Charles Leclerc,ferrari,Ferrari,5,1:16.698,1:16.324,1:16.270
2020,9,Tuscan Grand Prix,perez,PER,Sergio Pérez,racing_point,Racing Point,6,1:16.596,1:16.489,1:16.311
2020,9,Tuscan Grand Prix,stroll,STR,Lance Stroll,racing_point,Racing Point,7,1:16.701,1:16.271,1:16.356
2020,9,Tuscan Grand Prix,ricciardo,RIC,Daniel Ricciardo,renault,Renault,8,1:16.981,1:16.243,1:16.543
2020,9,Tuscan Grand Prix,sainz,SAI,Carlos Sainz,mclaren,McLaren,9,1:16.993,1:16.522,1:17.870
2020,9,Tuscan Grand Prix,ocon,OCO,Esteban Ocon,renault,Renault,10,1:16.825,1:16.297,
2020,9,Tuscan Grand Prix,norris,NOR,Lando Norris,mclaren,McLaren,11,1:16.895,1:16.640,
2020,9,Tuscan Grand Prix,kvyat,KVY,Daniil Kvyat,alphatauri,AlphaTauri,12,1:16.928,1:16.854,
2020,9,Tuscan Grand Prix,raikkonen,RAI,Kimi Räikkönen,alfa,Alfa Romeo,13,1:17.059,1:16.854,
2020,9,Tuscan Grand Prix,vettel,VET,Sebastian Vettel,ferrari,Ferrari,14,1:17.072,1:16.858,
2020,9,Tuscan Grand Prix,grosjean,GRO,Romain Grosjean,haas,Haas F1 Team,15,1:17.069,1:17.254,
2020,9,Tuscan Grand Prix,gasly,GAS,Pierre Gasly,alphatauri,AlphaTauri,16,1:17.125,,
2020,9,Tuscan Grand Prix,giovinazzi,GIO,Antonio Giovinazzi,alfa,Alfa Romeo,17,1:17.220,,
2020,9,Tuscan Grand Prix,russell,RUS,George Russell,williams,Williams,18,1:17.232,,
2020,9,Tuscan Grand Prix,latifi,LAT,Nicholas Latifi,williams,Williams,19,1:17.320,,
2020,9,Tuscan Grand Prix,kevin_magnussen,MAG,Kevin Magnussen,haas,Haas F1 Team,20,1:17.348,,
2020,10,Russian Grand Prix,hamilton,HAM,Lewis Hamilton,mercedes,Mercedes,1,1:32.983,1:32.835,1:31.304
2020,10,Russian Grand Prix,max_verstappen,VER,Max Verstappen,red_bull,Red Bull,2,1:33.630,1:33.157,1:31.867
2020,10,Russian Grand Prix,bottas,BOT,Valtteri Bottas,mercedes,Mercedes,3,1:32.656,1:32.405,1:31.956
2020,10,Russian Grand Prix,perez,PER,Sergio Pérez,racing_point,Racing Point,4,1:33.704,1:33.038,1:32.317
2020,10,Russian Grand Prix,ricciardo,RIC,Daniel Ricciardo,renault,Renault,5,1:33.650,1:32.218,1:32.364
2020,10,Russian Grand Prix,sainz,SAI,Carlos Sainz,mclaren,McLaren,6,1:33.967,1:32.757,1:32.550
2020,10,Russian Grand Prix,ocon,OCO,Esteban Ocon,renault,Renault,7,1:33.557,1:33.196,1:32.624
2020,10,Russian Grand Prix,norris,NOR,Lando Norris,mclaren,McLaren,8,1:33.804,1:33.081,1:32.847
2020,10,Russian Grand Prix,gasly,GAS,Pierre Gasly,alphatauri,AlphaTauri,9,1:33.734,1:33.139,1:33.000
2020,10,Russian Grand Prix,albon,ALB,Alexander Albon,red_bull,Red Bull,10,1:33.919,1:33.153,1:33.008
2020,10,Russian Grand Prix,leclerc,LEC,Charles Leclerc,ferrari,Ferrari,11,1:34.071,1:33.239,
2020,10,Russian Grand Prix,kvyat,KVY,Daniil Kvyat,alphatauri,AlphaTauri,12,1:33.511,1:33.249,
2020,10,Russian Grand Prix,stroll,STR,Lance Stroll,racing_point,Racing Point,13,1:33.852,1:33.364,
2020,10,Russian Grand Prix,russell,RUS,George Russell,williams,Williams,14,1:34.020,1:33.583,
2020,10,Russian Grand Prix,vettel,VET,Sebastian Vettel,ferrari,Ferrari,15,1:34.134,1:33.609,
2020,10,Russian Grand Prix,grosjean,GRO,Romain Grosjean,haas,Haas F1 Team,16,1:34.592,,
2020,10,Russian Grand Prix,giovinazzi,GIO,Antonio Giovinazzi,alfa,Alfa Romeo,17,1:34.594,,
2020,10,Russian Grand Prix,kevin_magnussen,MAG,Kevin Magnussen,haas,Haas F1 Team,18,1:34.681,,
2020,10,Russian Grand Prix,latifi,LAT,Nicholas Latifi,williams,Williams,19,1:35.066,,
2020,10,Russian Grand Prix,raikkonen,RAI,Kimi Räikkönen,alfa,Alfa Romeo,20,1:35.267,,
2020,11,Eifel Grand Prix,bottas,BOT,Valtteri Bottas,mercedes,Mercedes,1,1:26.573,1:25.971,1:25.269
2020,11,Eifel Grand Prix,hamilton,HAM,Lewis Hamilton,mercedes,Mercedes,2,1:26.620,1:25.390,1:25.525
2020,11,Eifel Grand Prix,max_verstappen,VER,Max Verstappen,red_bull,Red Bull,3,1:26.319,1:25.467,1:25.562
2020,11,Eifel Grand Prix,leclerc,LEC,Charles Leclerc,ferrari,Ferrari,4,1:26.857,1:26.240,1:26.035
2020,11,Eifel Grand Prix,albon,ALB,Alexander Albon,red_bull,Red Bull,5,1:27.126,1:26.285,1:26.047
2020,11,Eifel Grand Prix,ricciardo,RIC,Daniel Ricciardo,renault,Renault,6,1:26.836,1:26.096,1:26.223
2020,11,Eifel Grand Prix,ocon,OCO,Esteban Ocon,renault,Renault,7,1:27.086,1:26.364,1:26.242
2020,11,Eifel Grand Prix,norris,NOR,Lando Norris,mclaren,McLaren,8,1:26.829,1:26.316,1:26.458
2020,11,Eifel Grand Prix,perez,PER,Sergio Pérez,racing_point,Racing Point,9,1:27.120,1:26.330,1:26.704
2020,11,Eifel Grand Prix,sainz,SAI,Carlos Sainz,mclaren,McLaren,10,1:27.378,1:26.361,1:26.709
2020,11,Eifel Grand Prix,vettel,VET,Sebastian Vettel,ferrari,Ferrari,11,1:27.107,1:26.738,
2020,11,Eifel Grand Prix,gasly,GAS,Pierre Gasly,alphatauri,AlphaTauri,12,1:27.072,1:26.776,
2020,11,Eifel Grand Prix,kvyat,KVY,Daniil Kvyat,alphatauri,AlphaTauri,13,1:27.285,1:26.848,
2020,11,Eifel Grand Prix,giovinazzi,GIO,Antonio Giovinazzi,alfa,Alfa Romeo,14,1:27.532,1:26.936,
2020,11,Eifel Grand Prix,kevin_magnussen,MAG,Kevin Magnussen,haas,Haas F1 Team,15,1:27.231,1:27.125,
2020,11,Eifel Grand Prix,grosjean,GRO,Romain Grosjean,haas,Haas F1 Team,16,1:27.552,,
2020,11,Eifel Grand Prix,russell,RUS,George Russell,williams,Williams,17,1:27.564,,
2020,11,Eifel Grand Prix,latifi,LAT,Nicholas Latifi,williams,Williams,18,1:27.812,,
2020,11,Eifel Grand Prix,raikkonen,RAI,Kimi Räikkönen,alfa,Alfa Romeo,19,1:27.817,,
2020,11,Eifel Grand Prix,hulkenberg,HUL,Nico Hülkenberg,racing_point,Racing Point,20,1:28.021,,
2020,12,Portuguese Grand Prix,hamilton,HAM,Lewis Hamilton,mercedes,Mercedes,1,1:16.828,1:16.824,1:16.652
2020,12,Portuguese Grand Prix,bottas,BOT,Valtteri Bottas,mercedes,Mercedes,2,1:16.945,1:16.466,1:16.754
2020,12,Portuguese Grand Prix,max_verstappen,VER,Max Verstappen,red_bull,Red Bull,3,1:16.879,1:17.038,1:16.904
2020,12,Portuguese Grand Prix,leclerc,LEC,Charles Leclerc,ferrari,Ferrari,4,1:17.421,1:17.367,1:17.090
2020,12,Portuguese Grand Prix,perez,PER,Sergio Pérez,racing_point,Racing Point,5,1:17.370,1:17.129,1:17.223
2020,12,Portuguese Grand Prix,albon,ALB,Alexander Albon,red_bull,Red Bull,6,1:17.435,1:17.411,1:17.437
2020,12,Portuguese Grand Prix,sainz,SAI,Carlos Sainz,mclaren,McLaren,7,1:17.627,1:17.183,1:17.520
2020,12,Portuguese Grand Prix,norris,NOR,Lando Norris,mclaren,McLaren,8,1:17.547,1:17.321,1:17.525
2020,12,Portuguese Grand Prix,gasly,GAS,Pierre Gasly,alphatauri,AlphaTauri,9,1:17.209,1:17.367,1:17.803
2020,12,Portuguese Grand Prix,ricciardo,RIC,Daniel Ricciardo,renault,Renault,10,1:17.621,1:17.481,
2020,12,Portuguese Grand Prix,ocon,OCO,Esteban Ocon,renault,Renault,11,1:17.775,1:17.614,
2020,12,Portuguese Grand Prix,stroll,STR,Lance Stroll,racing_point,Racing Point,12,1:17.667,1:17.626,
2020,12,Portuguese Grand Prix,kvyat,KVY,Daniil Kvyat,alphatauri,AlphaTauri,13,1:17.841,1:17.728,
2020,12,Portuguese Grand Prix,russell,RUS,George Russell,williams,Williams,14,1:17.931,1:17.788,
2020,12,Portuguese Grand Prix,vettel,VET,Sebastian Vettel,ferrari,Ferrari,15,1:17.446,1:17.919,
2020,12,Portuguese Grand Prix,raikkonen,RAI,Kimi Räikkönen,alfa,Alfa Romeo,16,1:18.201,,
2020,12,Portuguese Grand Prix,giovinazzi,GIO,Antonio Giovinazzi,alfa,Alfa Romeo,17,1:18.323,,
2020,12,Portuguese Grand Prix,grosjean,GRO,Romain Grosjean,haas,Haas F1 Team,18,1:18.364,,
2020,12,Portuguese Grand Prix,kevin_magnussen,MAG,Kevin Magnussen,haas,Haas F1 Team,19,1:18.508,,
2020,12,Portuguese Grand Prix,latifi,LAT,Nicholas Latifi,williams,Williams,20,1:18.777,,
2020,13,Emilia Romagna Grand Prix,bottas,BOT,Valtteri Bottas,mercedes,Mercedes,1,1:14.221,1:14.585,1:13.609
2020,13,Emilia Romagna Grand Prix,hamilton,HAM,Lewis Hamilton,mercedes,Mercedes,2,1:14.229,1:14.643,1:13.706
2020,13,Emilia Romagna Grand Prix,max_verstappen,VER,Max Verstappen,red_bull,Red Bull,3,1:15.034,1:14.974,1:14.176
2020,13,Emilia Romagna Grand Prix,gasly,GAS,Pierre Gasly,alphatauri,AlphaTauri,4,1:15.183,1:14.681,1:14.502
2020,13,Emilia Romagna Grand Prix,ricciardo,RIC,Daniel Ricciardo,renault,Renault,5,1:15.474,1:14.953,1:14.520
2020,13,Emilia Romagna Grand Prix,albon,ALB,Alexander Albon,red_bull,Red Bull,6,1:15.402,1:14.745,1:14.572
2020,13,Emilia Romagna Grand Prix,leclerc,LEC,Charles Leclerc,ferrari,Ferrari,7,1:15.123,1:15.017,1:14.616
2020,13,Emilia Romagna Grand Prix,kvyat,KVY,Daniil Kvyat,alphatauri,AlphaTauri,8,1:15.412,1:15.022,1:14.696
2020,13,Emilia Romagna Grand Prix,norris,NOR,Lando Norris,mclaren,McLaren,9,1:15.274,1:15.051,1:14.814
2020,13,Emilia Romagna Grand Prix,sainz,SAI,Carlos Sainz,mclaren,McLaren,10,1:15.528,1:15.027,1:14.911
2020,13,Emilia Romagna Grand Prix,perez,PER,Sergio Pérez,racing_point,Racing Point,11,1:15.407,1:15.061,
2020,13,Emilia Romagna Grand Prix,ocon,OCO,Esteban Ocon,renault,Renault,12,1:15.352,1:15.201,
2020,13,Emilia Romagna Grand Prix,russell,RUS,George Russell,williams,Williams,13,1:15.760,1:15.323,
2020,13,Emilia Romagna Grand Prix,vettel,VET,Sebastian Vettel,ferrari,Ferrari,14,1:15.571,1:15.385,
2020,13,Emilia Romagna Grand Prix,stroll,STR,Lance Stroll,racing_point,Racing Point,15,1:15.822,1:15.494,
2020,13,Emilia Romagna Grand Prix,grosjean,GRO,Romain Grosjean,haas,Haas F1 Team,16,1:15.918,,
2020,13,Emilia Romagna Grand Prix,kevin_magnussen,MAG,Kevin Magnussen,haas,Haas F1 Team,17,1:15.939,,
2020,13,Emilia Romagna Grand Prix,raikkonen,RAI,Kimi Räikkönen,alfa,Alfa Romeo,18,1:15.953,,
2020,13,Emilia Romagna Grand Prix,latifi,LAT,Nicholas Latifi,williams,Williams,19,1:15.987,,
2020,13,Emilia Romagna Grand Prix,giovinazzi,GIO,Antonio Giovinazzi,alfa,Alfa Romeo,20,1:16.208,,
2020,14,Turkish Grand Prix,stroll,STR,Lance Stroll,racing_point,Racing Point,1,2:07.467,1:53.372,1:47.765
2020,14,Turkish Grand Prix,max_verstappen,VER,Max Verstappen,red_bull,Red Bull,2,1:57.485,1:50.293,1:48.055
2020,14,Turkish Grand Prix,perez,PER,Sergio Pérez,racing_point,Racing Point,3,2:07.614,1:54.097,1:49.321
2020,14,Turkish Grand Prix,albon,ALB,Alexander Albon,red_bull,Red Bull,4,1:59.431,1:52.282,1:50.448
2020,14,Turkish Grand Prix,ricciardo,RIC,Daniel Ricciardo,renault,Renault,5,2:05.598,1:54.278,1:51.595
2020,14,Turkish Grand Prix,hamilton,HAM,Lewis Hamilton,mercedes,Mercedes,6,2:07.599,1:52.709,1:52.560
2020,14,Turkish Grand Prix,ocon,OCO,Esteban Ocon,renault,Renault,7,2:06.115,1:53.657,1:52.622
2020,14,Turkish Grand Prix,raikkonen,RAI,Kimi Räikkönen,alfa,Alfa Romeo,8,2:01.249,1:53.793,1:52.745
2020,14,Turkish Grand Prix,bottas,BOT,Valtteri Bottas,mercedes,Mercedes,9,2:07.001,1:53.767,1:53.258
2020,14,Turkish Grand Prix,giovinazzi,GIO,Antonio Giovinazzi,alfa,Alfa Romeo,10,2:07.341,1:53.431,1:57.226
2020,14,Turkish Grand Prix,norris,NOR,Lando Norris,mclaren,McLaren,11,2:07.167,1:54.945,
2020,14,Turkish Grand Prix,vettel,VET,Sebastian Vettel,ferrari,Ferrari,12,2:03.356,1:55.169,
2020,14,Turkish Grand Prix,sainz,SAI,Carlos Sainz,mclaren,McLaren,13,2:07.489,1:55.410,
2020,14,Turkish Grand Prix,leclerc,LEC,Charles Leclerc,ferrari,Ferrari,14,2:04.464,1:56.696,
2020,14,Turkish Grand Prix,gasly,GAS,Pierre Gasly,alphatauri,AlphaTauri,15,2:05.579,1:58.556,
2020,14,Turkish Grand Prix,kevin_magnussen,MAG,Kevin Magnussen,haas,Haas F1 Team,16,2:08.007,,
2020,14,Turkish Grand Prix,kvyat,KVY,Daniil Kvyat,alphatauri,AlphaTauri,17,2:09.070,,
2020,14,Turkish Grand Prix,russell,RUS,George Russell,williams,Williams,18,2:10.017,,
2020,14,Turkish Grand Prix,grosjean,GRO,Romain Grosjean,haas,Haas F1 Team,19,2:12.909,,
2020,14,Turkish Grand Prix,latifi,LAT,Nicholas Latifi,williams,Williams,20,2:21.611,,
2020,15,Bahrain Grand Prix,hamilton,HAM,Lewis Hamilton,mercedes,Mercedes,1,1:28.343,1:27.586,1:27.264
2020,15,Bahrain Grand Prix,bottas,BOT,Valtteri Bottas,mercedes,Mercedes,2,1:28.767,1:28.063,1:27.553
2020,15,Bahrain Grand Prix,max_verstappen,VER,Max Verstappen,red_bull,Red Bull,3,1:28.885,1:28.025,1:27.678
2020,15,Bahrain Grand Prix,albon,ALB,Alexander Albon,red_bull,Red Bull,4,1:28.732,1:28.749,1:28.274
2020,15,Bahrain Grand Prix,perez,PER,Sergio Pérez,racing_point,Racing Point,5,1:29.178,1:28.894,1:28.322
2020,15,Bahrain Grand Prix,ricciardo,RIC,Daniel Ricciardo,renault,Renault,6,1:29.005,1:28.648,1:28.417
2020,15,Bahrain Grand Prix,ocon,OCO,Esteban Ocon,renault,Renault,7,1:29.203,1:28.937,1:28.419
2020,15,Bahrain Grand Prix,gasly,GAS,Pierre Gasly,alphatauri,AlphaTauri,8,1:28.971,1:29.008,1:28.448
2020,15,Bahrain Grand Prix,norris,NOR,Lando Norris,mclaren,McLaren,9,1:29.464,1:28.877,1:28.542
2020,15,Bahrain Grand Prix,kvyat,KVY,Daniil Kvyat,alphatauri,AlphaTauri,10,1:29.158,1:28.944,1:28.618
2020,15,Bahrain Grand Prix,vettel,VET,Sebastian Vettel,ferrari,Ferrari,11,1:29.142,1:29.149,
2020,15,Bahrain Grand Prix,leclerc,LEC,Charles Leclerc,ferrari,Ferrari,12,1:29.137,1:29.165,
2020,15,Bahrain Grand Prix,stroll,STR,Lance Stroll,racing_point,Racing Point,13,1:28.679,1:29.557,
2020,15,Bahrain Grand Prix,russell,RUS,George Russell,williams,Williams,14,1:29.294,1:31.218,
2020,15,Bahrain Grand Prix,sainz,SAI,Carlos Sainz,mclaren,McLaren,15,1:28.975,,
2020,15,Bahrain Grand Prix,giovinazzi,GIO,Antonio Giovinazzi,alfa,Alfa Romeo,16,1:29.491,,
2020,15,Bahrain Grand Prix,raikkonen,RAI,Kimi Räikkönen,alfa,Alfa Romeo,17,1:29.810,,
2020,15,Bahrain Grand Prix,kevin_magnussen,MAG,Kevin Magnussen,haas,Haas F1 Team,18,1:30.111,,
2020,15,Bahrain Grand Prix,grosjean,GRO,Romain Grosjean,haas,Haas F1 Team,19,1:30.138,,
2020,15,Bahrain Grand Prix,latifi,LAT,Nicholas Latifi,williams,Williams,20,1:30.182,,
2020,16,Sakhir Grand Prix,bottas,BOT,Valtteri Bottas,mercedes,Mercedes,1,53.904,53.803,53.377
2020,16,Sakhir Grand Prix,russell,RUS,George Russell,mercedes,Mercedes,2,54.160,53.819,53.403
2020,16,Sakhir Grand Prix,max_verstappen,VER,Max Verstappen,red_bull,Red Bull,3,54.037,53.647,53.433
2020,16,Sakhir Grand Prix,leclerc,LEC,Charles Leclerc,ferrari,Ferrari,4,54.249,53.825,53.613
2020,16,Sakhir Grand Prix,perez,PER,Sergio Pérez,racing_point,Racing Point,5,54.236,53.787,53.790
2020,16,Sakhir Grand Prix,kvyat,KVY,Daniil Kvyat,alphatauri,AlphaTauri,6,54.346,53.856,53.906
2020,16,Sakhir Grand Prix,ricciardo,RIC,Daniel Ricciardo,renault,Renault,7,54.388,53.871,53.957
2020,16,Sakhir Grand Prix,sainz,SAI,Carlos Sainz,mclaren,McLaren,8,54.450,53.818,54.010
2020,16,Sakhir Grand Prix,gasly,GAS,Pierre Gasly,alphatauri,AlphaTauri,9,54.207,53.941,54.154
2020,16,Sakhir Grand Prix,stroll,STR,Lance Stroll,racing_point,Racing Point,10,54.595,53.840,54.200
2020,16,Sakhir Grand Prix,ocon,OCO,Esteban Ocon,renault,Renault,11,54.309,53.995,
2020,16,Sakhir Grand Prix,albon,ALB,Alexander Albon,red_bull,Red Bull,12,54.620,54.026,
2020,16,Sakhir Grand Prix,vettel,VET,Sebastian Vettel,ferrari,Ferrari,13,54.301,54.175,
2020,16,Sakhir Grand Prix,giovinazzi,GIO,Antonio Giovinazzi,alfa,Alfa Romeo,14,54.523,54.377,
2020,16,Sakhir Grand Prix,norris,NOR,Lando Norris,mclaren,McLaren,15,54.194,54.693,
2020,16,Sakhir Grand Prix,kevin_magnussen,MAG,Kevin Magnussen,haas,Haas F1 Team,16,54.705,,
2020,16,Sakhir Grand Prix,latifi,LAT,Nicholas Latifi,williams,Williams,17,54.796,,
2020,16,Sakhir Grand Prix,aitken,AIT,Jack Aitken,williams,Williams,18,54.892,,
2020,16,Sakhir Grand Prix,raikkonen,RAI,Kimi Räikkönen,alfa,Alfa Romeo,19,54.963,,
2020,16,Sakhir Grand Prix,pietro_fittipaldi,FIT,Pietro Fittipaldi,haas,Haas F1 Team,20,55.426,,
2020,17,Abu Dhabi Grand Prix,max_verstappen,VER,Max Verstappen,red_bull,Red Bull,1,1:35.993,1:35.641,1:35.246
2020,17,Abu Dhabi Grand Prix,bottas,BOT,Valtteri Bottas,mercedes,Mercedes,2,1:35.699,1:35.527,1:35.271
2020,17,Abu Dhabi Grand Prix,hamilton,HAM,Lewis Hamilton,mercedes,Mercedes,3,1:35.528,1:35.466,1:35.332
2020,17,Abu Dhabi Grand Prix,norris,NOR,Lando Norris,mclaren,McLaren,4,1:36.016,1:35.849,1:35.497
2020,17,Abu Dhabi Grand Prix,albon,ALB,Alexander Albon,red_bull,Red Bull,5,1:36.106,1:35.654,1:35.571
2020,17,Abu Dhabi Grand Prix,sainz,SAI,Carlos Sainz,mclaren,McLaren,6,1:36.517,1:36.192,1:35.815
2020,17,Abu Dhabi Grand Prix,kvyat,KVY,Daniil Kvyat,alphatauri,AlphaTauri,7,1:36.459,1:36.214,1:35.963
2020,17,Abu Dhabi Grand Prix,stroll,STR,Lance Stroll,racing_point,Racing Point,8,1:36.502,1:36.143,1:36.046
2020,17,Abu Dhabi Grand Prix,leclerc,LEC,Charles Leclerc,ferrari,Ferrari,9,1:35.881,1:35.932,1:36.065
2020,17,Abu Dhabi Grand Prix,gasly,GAS,Pierre Gasly,alphatauri,AlphaTauri,10,1:36.545,1:36.282,1:36.242
2020,17,Abu Dhabi Grand Prix,ocon,OCO,Esteban Ocon,renault,Renault,11,1:36.783,1:36.359,
2020,17,Abu Dhabi Grand Prix,ricciardo,RIC,Daniel Ricciardo,renault,Renault,12,1:36.704,1:36.406,
2020,17,Abu Dhabi Grand Prix,vettel,VET,Sebastian Vettel,ferrari,Ferrari,13,1:36.655,1:36.631,
2020,17,Abu Dhabi Grand Prix,giovinazzi,GIO,Antonio Giovinazzi,alfa,Alfa Romeo,14,1:37.075,1:38.248,
2020,17,Abu Dhabi Grand Prix,perez,PER,Sergio Pérez,racing_point,Racing Point,15,1:36.034,,
2020,17,Abu Dhabi Grand Prix,raikkonen,RAI,Kimi Räikkönen,alfa,Alfa Romeo,16,1:37.555,,
2020,17,Abu Dhabi Grand Prix,kevin_magnussen,MAG,Kevin Magnussen,haas,Haas F1 Team,17,1:37.863,,
2020,17,Abu Dhabi Grand Prix,russell,RUS,George Russell,williams,Williams,18,1:38.045,,
2020,17,Abu Dhabi Grand Prix,pietro_fittipaldi,FIT,Pietro Fittipaldi,haas,Haas F1 Team,19,1:38.173,,
2020,17,Abu Dhabi Grand Prix,latifi,LAT,Nicholas Latifi,williams,Williams,20,1:38.443,,
