season,round,race_name,date,driver_id,driver_code,driver_name,constructor_id,constructor,number,grid,position,points,laps,status,fastest_lap_rank,fastest_lap_time
2025,1,Australian Grand Prix,2025-03-16,norris,NOR,Lando Norris,mclaren,McLaren,4,1,1,25,57,Finished,1,
2025,1,Australian Grand Prix,2025-03-16,max_verstappen,VER,Max Verstappen,red_bull,Red Bull,1,3,2,18,57,Finished,3,
2025,1,Australian Grand Prix,2025-03-16,russell,RUS,George Russell,mercedes,Mercedes,63,4,3,15,57,Finished,11,
2025,1,Australian Grand Prix,2025-03-16,antonelli,ANT,Andrea Kimi Antonelli,mercedes,Mercedes,12,16,4,12,57,Finished,9,
2025,1,Australian Grand Prix,2025-03-16,albon,ALB,Alexander Albon,williams,Williams,23,6,5,10,57,Finished,8,
2025,1,Australian Grand Prix,2025-03-16,stroll,STR,Lance Stroll,aston_martin,Aston Martin,18,13,6,8,57,Finished,14,
2025,1,Australian Grand Prix,2025-03-16,hulkenberg,HUL,Nico Hülkenberg,sauber,Sauber,27,17,7,6,57,Finished,12,
2025,1,Australian Grand Prix,2025-03-16,leclerc,LEC,Charles Leclerc,ferrari,Ferrari,16,7,8,4,57,Finished,13,
2025,1,Australian Grand Prix,2025-03-16,piastri,PIA,Oscar Piastri,mclaren,McLaren,81,2,9,2,57,Finished,4,
2025,1,Australian Grand Prix,2025-03-16,hamilton,HAM,Lewis Hamilton,ferrari,Ferrari,44,8,10,1,57,Finished,7,
2025,1,Australian Grand Prix,2025-03-16,gasly,GAS,Pierre Gasly,alpine,Alpine F1 Team,10,9,11,0,57,Finished,10,
2025,1,Australian Grand Prix,2025-03-16,tsunoda,TSU,Yuki Tsunoda,rb,RB F1 Team,22,5,12,0,57,Finished,6,
2025,1,Australian Grand Prix,2025-03-16,ocon,OCO,Esteban Ocon,haas,Haas F1 Team,31,19,13,0,57,Finished,15,
2025,1,Australian Grand Prix,2025-03-16,bearman,BEA,Oliver Bearman,haas,Haas F1 Team,87,20,14,0,57,Finished,16,
2025,1,Australian Grand Prix,2025-03-16,lawson,LAW,Liam Lawson,red_bull,Red Bull,30,18,15,0,46,Retired,2,
2025,1,Australian Grand Prix,2025-03-16,bortoleto,BOR,Gabriel Bortoleto,sauber,Sauber,5,15,16,0,45,Retired,5,
2025,1,Australian Grand Prix,2025-03-16,alonso,ALO,Fernando Alonso,aston_martin,Aston Martin,14,12,17,0,32,Retired,17,
2025,1,Australian Grand Prix,2025-03-16,sainz,SAI,Carlos Sainz,williams,Williams,55,10,18,0,0,Retired,,
2025,1,Australian Grand Prix,2025-03-16,doohan,DOO,Jack Doohan,alpine,Alpine F1 Team,7,14,19,0,0,Retired,,
2025,1,Australian Grand Prix,2025-03-16,hadjar,HAD,Isack Hadjar,rb,RB F1 Team,6,11,20,0,0,Retired,,
2025,2,Chinese Grand Prix,2025-03-23,piastri,PIA,Oscar Piastri,mclaren,McLaren,81,1,1,25,56,Finished,3,
2025,2,Chinese Grand Prix,2025-03-23,norris,NOR,Lando Norris,mclaren,McLaren,4,3,2,18,56,Finished,1,
2025,2,Chinese Grand Prix,2025-03-23,russell,RUS,George Russell,mercedes,Mercedes,63,2,3,15,56,Finished,5,
2025,2,Chinese Grand Prix,2025-03-23,max_verstappen,VER,Max Verstappen,red_bull,Red Bull,1,4,4,12,56,Finished,2,
2025,2,Chinese Grand Prix,2025-03-23,ocon,OCO,Esteban Ocon,haas,Haas F1 Team,31,11,5,10,56,Finished,4,
2025,2,Chinese Grand Prix,2025-03-23,antonelli,ANT,Andrea Kimi Antonelli,mercedes,Mercedes,12,8,6,8,56,Finished,11,
2025,2,Chinese Grand Prix,2025-03-23,albon,ALB,Alexander Albon,williams,Williams,23,10,7,6,56,Finished,12,
2025,2,Chinese Grand Prix,2025-03-23,bearman,BEA,Oliver Bearman,haas,Haas F1 Team,87,17,8,4,56,Finished,13,
2025,2,Chinese Grand Prix,2025-03-23,stroll,STR,Lance Stroll,aston_martin,Aston Martin,18,14,9,2,56,Finished,10,
2025,2,Chinese Grand Prix,2025-03-23,sainz,SAI,Carlos Sainz,williams,Williams,55,15,10,1,56,Finished,15,
2025,2,Chinese Grand Prix,2025-03-23,hadjar,HAD,Isack Hadjar,rb,RB F1 Team,6,7,11,0,56,Finished,6,
2025,2,Chinese Grand Prix,2025-03-23,lawson,LAW,Liam Lawson,red_bull,Red Bull,30,20,12,0,56,Finished,9,
2025,2,Chinese Grand Prix,2025-03-23,doohan,DOO,Jack Doohan,alpine,Alpine F1 Team,7,18,13,0,56,Finished,14,
2025,2,Chinese Grand Prix,2025-03-23,bortoleto,BOR,Gabriel Bortoleto,sauber,Sauber,5,19,14,0,55,Lapped,8,
2025,2,Chinese Grand Prix,2025-03-23,hulkenberg,HUL,Nico Hülkenberg,sauber,Sauber,27,12,15,0,55,Lapped,16,
2025,2,Chinese Grand Prix,2025-03-23,tsunoda,TSU,Yuki Tsunoda,rb,RB F1 Team,22,9,16,0,55,Lapped,7,
2025,2,Chinese Grand Prix,2025-03-23,alonso,ALO,Fernando Alonso,aston_martin,Aston Martin,14,13,17,0,4,Retired,17,
2025,2,Chinese Grand Prix,2025-03-23,leclerc,LEC,Charles Leclerc,ferrari,Ferrari,16,6,18,0,0,Disqualified,,
2025,2,Chinese Grand Prix,2025-03-23,hamilton,HAM,Lewis Hamilton,ferrari,Ferrari,44,5,19,0,0,Disqualified,,
2025,2,Chinese Grand Prix,2025-03-23,gasly,GAS,Pierre Gasly,alpine,Alpine F1 Team,10,16,20,0,0,Disqualified,,
2025,3,Japanese Grand Prix,2025-04-06,max_verstappen,VER,Max Verstappen,red_bull,Red Bull,1,1,1,25,53,Finished,3,
2025,3,Japanese Grand Prix,2025-04-06,norris,NOR,Lando Norris,mclaren,McLaren,4,2,2,18,53,Finished,5,
2025,3,Japanese Grand Prix,2025-04-06,piastri,PIA,Oscar Piastri,mclaren,McLaren,81,3,3,15,53,Finished,2,
2025,3,Japanese Grand Prix,2025-04-06,leclerc,LEC,Charles Leclerc,ferrari,Ferrari,16,4,4,12,53,Finished,10,
2025,3,Japanese Grand Prix,2025-04-06,russell,RUS,George Russell,mercedes,Mercedes,63,5,5,10,53,Finished,8,
2025,3,Japanese Grand Prix,2025-04-06,antonelli,ANT,Andrea Kimi Antonelli,mercedes,Mercedes,12,6,6,8,53,Finished,1,
2025,3,Japanese Grand Prix,2025-04-06,hamilton,HAM,Lewis Hamilton,ferrari,Ferrari,44,8,7,6,53,Finished,9,
2025,3,Japanese Grand Prix,2025-04-06,hadjar,HAD,Isack Hadjar,rb,RB F1 Team,6,7,8,4,53,Finished,7,
2025,3,Japanese Grand Prix,2025-04-06,albon,ALB,Alexander Albon,williams,Williams,23,9,9,2,53,Finished,6,
2025,3,Japanese Grand Prix,2025-04-06,bearman,BEA,Oliver Bearman,haas,Haas F1 Team,87,10,10,1,53,Finished,15,
2025,3,Japanese Grand Prix,2025-04-06,alonso,ALO,Fernando Alonso,aston_martin,Aston Martin,14,12,11,0,53,Finished,11,
2025,3,Japanese Grand Prix,2025-04-06,tsunoda,TSU,Yuki Tsunoda,red_bull,Red Bull,22,14,12,0,53,Finished,13,
2025,3,Japanese Grand Prix,2025-04-06,gasly,GAS,Pierre Gasly,alpine,Alpine F1 Team,10,11,13,0,53,Finished,12,
2025,3,Japanese Grand Prix,2025-04-06,sainz,SAI,Carlos Sainz,williams,Williams,55,15,14,0,53,Finished,4,
2025,3,Japanese Grand Prix,2025-04-06,doohan,DOO,Jack Doohan,alpine,Alpine F1 Team,7,19,15,0,53,Finished,20,
2025,3,Japanese Grand Prix,2025-04-06,hulkenberg,HUL,Nico Hülkenberg,sauber,Sauber,27,16,16,0,53,Finished,19,
2025,3,Japanese Grand Prix,2025-04-06,lawson,LAW,Liam Lawson,rb,RB F1 Team,30,13,17,0,53,Finished,17,
2025,3,Japanese Grand Prix,2025-04-06,ocon,OCO,Esteban Ocon,haas,Haas F1 Team,31,18,18,0,53,Finished,14,
2025,3,Japanese Grand Prix,2025-04-06,bortoleto,BOR,Gabriel Bortoleto,sauber,Sauber,5,17,19,0,53,Finished,16,
2025,3,Japanese Grand Prix,2025-04-06,stroll,STR,Lance Stroll,aston_martin,Aston Martin,18,20,20,0,52,Lapped,18,
2025,4,Bahrain Grand Prix,2025-04-13,piastri,PIA,Oscar Piastri,mclaren,McLaren,81,1,1,25,57,Finished,1,
2025,4,Bahrain Grand Prix,2025-04-13,russell,RUS,George Russell,mercedes,Mercedes,63,3,2,18,57,Finished,2,
2025,4,Bahrain Grand Prix,2025-04-13,norris,NOR,Lando Norris,mclaren,McLaren,4,6,3,15,57,Finished,3,
2025,4,Bahrain Grand Prix,2025-04-13,leclerc,LEC,Charles Leclerc,ferrari,Ferrari,16,2,4,12,57,Finished,4,
2025,4,Bahrain Grand Prix,2025-04-13,hamilton,HAM,Lewis Hamilton,ferrari,Ferrari,44,9,5,10,57,Finished,6,
2025,4,Bahrain Grand Prix,2025-04-13,max_verstappen,VER,Max Verstappen,red_bull,Red Bull,1,7,6,8,57,Finished,5,
2025,4,Bahrain Grand Prix,2025-04-13,gasly,GAS,Pierre Gasly,alpine,Alpine F1 Team,10,4,7,6,57,Finished,7,
2025,4,Bahrain Grand Prix,2025-04-13,ocon,OCO,Esteban Ocon,haas,Haas F1 Team,31,14,8,4,57,Finished,12,
2025,4,Bahrain Grand Prix,2025-04-13,tsunoda,TSU,Yuki Tsunoda,red_bull,Red Bull,22,10,9,2,57,Finished,14,
2025,4,Bahrain Grand Prix,2025-04-13,bearman,BEA,Oliver Bearman,haas,Haas F1 Team,87,20,10,1,57,Finished,15,
2025,4,Bahrain Grand Prix,2025-04-13,antonelli,ANT,Andrea Kimi Antonelli,mercedes,Mercedes,12,5,11,0,57,Finished,9,
2025,4,Bahrain Grand Prix,2025-04-13,albon,ALB,Alexander Albon,williams,Williams,23,15,12,0,57,Finished,13,
2025,4,Bahrain Grand Prix,2025-04-13,hadjar,HAD,Isack Hadjar,rb,RB F1 Team,6,12,13,0,57,Finished,10,
2025,4,Bahrain Grand Prix,2025-04-13,doohan,DOO,Jack Doohan,alpine,Alpine F1 Team,7,11,14,0,57,Finished,8,
2025,4,Bahrain Grand Prix,2025-04-13,alonso,ALO,Fernando Alonso,aston_martin,Aston Martin,14,13,15,0,57,Finished,17,
2025,4,Bahrain Grand Prix,2025-04-13,lawson,LAW,Liam Lawson,rb,RB F1 Team,30,17,16,0,57,Finished,16,
2025,4,Bahrain Grand Prix,2025-04-13,stroll,STR,Lance Stroll,aston_martin,Aston Martin,18,19,17,0,57,Finished,19,
2025,4,Bahrain Grand Prix,2025-04-13,bortoleto,BOR,Gabriel Bortoleto,sauber,Sauber,5,18,18,0,57,Finished,18,
2025,4,Bahrain Grand Prix,2025-04-13,sainz,SAI,Carlos Sainz,williams,Williams,55,8,19,0,45,Retired,11,
2025,4,Bahrain Grand Prix,2025-04-13,hulkenberg,HUL,Nico Hülkenberg,sauber,Sauber,27,16,20,0,0,Disqualified,,
2025,5,Saudi Arabian Grand Prix,2025-04-20,piastri,PIA,Oscar Piastri,mclaren,McLaren,81,2,1,25,50,Finished,3,
2025,5,Saudi Arabian Grand Prix,2025-04-20,max_verstappen,VER,Max Verstappen,red_bull,Red Bull,1,1,2,18,50,Finished,4,
2025,5,Saudi Arabian Grand Prix,2025-04-20,leclerc,LEC,Charles Leclerc,ferrari,Ferrari,16,4,3,15,50,Finished,2,
2025,5,Saudi Arabian Grand Prix,2025-04-20,norris,NOR,Lando Norris,mclaren,McLaren,4,10,4,12,50,Finished,1,
2025,5,Saudi Arabian Grand Prix,2025-04-20,russell,RUS,George Russell,mercedes,Mercedes,63,3,5,10,50,Finished,9,
2025,5,Saudi Arabian Grand Prix,2025-04-20,antonelli,ANT,Andrea Kimi Antonelli,mercedes,Mercedes,12,5,6,8,50,Finished,5,
2025,5,Saudi Arabian Grand Prix,2025-04-20,hamilton,HAM,Lewis Hamilton,ferrari,Ferrari,44,7,7,6,50,Finished,7,
2025,5,Saudi Arabian Grand Prix,2025-04-20,sainz,SAI,Carlos Sainz,williams,Williams,55,6,8,4,50,Finished,6,
2025,5,Saudi Arabian Grand Prix,2025-04-20,albon,ALB,Alexander Albon,williams,Williams,23,11,9,2,50,Finished,16,
2025,5,Saudi Arabian Grand Prix,2025-04-20,hadjar,HAD,Isack Hadjar,rb,RB F1 Team,6,14,10,1,50,Finished,14,
2025,5,Saudi Arabian Grand Prix,2025-04-20,alonso,ALO,Fernando Alonso,aston_martin,Aston Martin,14,13,11,0,50,Finished,11,
2025,5,Saudi Arabian Grand Prix,2025-04-20,lawson,LAW,Liam Lawson,rb,RB F1 Team,30,12,12,0,50,Finished,10,
2025,5,Saudi Arabian Grand Prix,2025-04-20,bearman,BEA,Oliver Bearman,haas,Haas F1 Team,87,15,13,0,50,Finished,13,
2025,5,Saudi Arabian Grand Prix,2025-04-20,ocon,OCO,Esteban Ocon,haas,Haas F1 Team,31,19,14,0,50,Finished,17,
2025,5,Saudi Arabian Grand Prix,2025-04-20,hulkenberg,HUL,Nico Hülkenberg,sauber,Sauber,27,18,15,0,49,Lapped,15,
2025,5,Saudi Arabian Grand Prix,2025-04-20,stroll,STR,Lance Stroll,aston_martin,Aston Martin,18,16,16,0,49,Lapped,8,
2025,5,Saudi Arabian Grand Prix,2025-04-20,doohan,DOO,Jack Doohan,alpine,Alpine F1 Team,7,17,17,0,49,Lapped,12,
2025,5,Saudi Arabian Grand Prix,2025-04-20,bortoleto,BOR,Gabriel Bortoleto,sauber,Sauber,5,20,18,0,49,Lapped,18,
2025,5,Saudi Arabian Grand Prix,2025-04-20,tsunoda,TSU,Yuki Tsunoda,red_bull,Red Bull,22,8,19,0,1,Retired,,
2025,5,Saudi Arabian Grand Prix,2025-04-20,gasly,GAS,Pierre Gasly,alpine,Alpine F1 Team,10,9,20,0,0,Retired,,
2025,6,Miami Grand Prix,2025-05-04,piastri,PIA,Oscar Piastri,mclaren,McLaren,81,4,1,25,57,Finished,2,
2025,6,Miami Grand Prix,2025-05-04,norris,NOR,Lando Norris,mclaren,McLaren,4,2,2,18,57,Finished,1,
2025,6,Miami Grand Prix,2025-05-04,russell,RUS,George Russell,mercedes,Mercedes,63,5,3,15,57,Finished,3,
2025,6,Miami Grand Prix,2025-05-04,max_verstappen,VER,Max Verstappen,red_bull,Red Bull,1,1,4,12,57,Finished,5,
2025,6,Miami Grand Prix,2025-05-04,albon,ALB,Alexander Albon,williams,Williams,23,7,5,10,57,Finished,6,
2025,6,Miami Grand Prix,2025-05-04,antonelli,ANT,Andrea Kimi Antonelli,mercedes,Mercedes,12,3,6,8,57,Finished,9,
2025,6,Miami Grand Prix,2025-05-04,leclerc,LEC,Charles Leclerc,ferrari,Ferrari,16,8,7,6,57,Finished,4,
2025,6,Miami Grand Prix,2025-05-04,hamilton,HAM,Lewis Hamilton,ferrari,Ferrari,44,12,8,4,57,Finished,7,
2025,6,Miami Grand Prix,2025-05-04,sainz,SAI,Carlos Sainz,williams,Williams,55,6,9,2,57,Finished,8,
2025,6,Miami Grand Prix,2025-05-04,tsunoda,TSU,Yuki Tsunoda,red_bull,Red Bull,22,10,10,1,57,Finished,10,
2025,6,Miami Grand Prix,2025-05-04,hadjar,HAD,Isack Hadjar,rb,RB F1 Team,6,11,11,0,57,Finished,11,
2025,6,Miami Grand Prix,2025-05-04,ocon,OCO,Esteban Ocon,haas,Haas F1 Team,31,9,12,0,57,Finished,13,
2025,6,Miami Grand Prix,2025-05-04,gasly,GAS,Pierre Gasly,alpine,Alpine F1 Team,10,20,13,0,57,Finished,14,
2025,6,Miami Grand Prix,2025-05-04,hulkenberg,HUL,Nico Hülkenberg,sauber,Sauber,27,16,14,0,56,Lapped,12,
2025,6,Miami Grand Prix,2025-05-04,alonso,ALO,Fernando Alonso,aston_martin,Aston Martin,14,17,15,0,56,Lapped,15,
2025,6,Miami Grand Prix,2025-05-04,stroll,STR,Lance Stroll,aston_martin,Aston Martin,18,18,16,0,56,Lapped,16,
2025,6,Miami Grand Prix,2025-05-04,lawson,LAW,Liam Lawson,rb,RB F1 Team,30,15,17,0,36,Retired,17,
2025,6,Miami Grand Prix,2025-05-04,bortoleto,BOR,Gabriel Bortoleto,sauber,Sauber,5,13,18,0,30,Retired,18,
2025,6,Miami Grand Prix,2025-05-04,bearman,BEA,Oliver Bearman,haas,Haas F1 Team,87,19,19,0,27,Retired,19,
2025,6,Miami Grand Prix,2025-05-04,doohan,DOO,Jack Doohan,alpine,Alpine F1 Team,7,14,20,0,0,Retired,,
2025,7,Emilia Romagna Grand Prix,2025-05-18,max_verstappen,VER,Max Verstappen,red_bull,Red Bull,1,2,1,25,63,Finished,1,
2025,7,Emilia Romagna Grand Prix,2025-05-18,norris,NOR,Lando Norris,mclaren,McLaren,4,4,2,18,63,Finished,4,
2025,7,Emilia Romagna Grand Prix,2025-05-18,piastri,PIA,Oscar Piastri,mclaren,McLaren,81,1,3,15,63,Finished,5,
2025,7,Emilia Romagna Grand Prix,2025-05-18,hamilton,HAM,Lewis Hamilton,ferrari,Ferrari,44,12,4,12,63,Finished,2,
2025,7,Emilia Romagna Grand Prix,2025-05-18,albon,ALB,Alexander Albon,williams,Williams,23,7,5,10,63,Finished,3,
2025,7,Emilia Romagna Grand Prix,2025-05-18,leclerc,LEC,Charles Leclerc,ferrari,Ferrari,16,11,6,8,63,Finished,6,
2025,7,Emilia Romagna Grand Prix,2025-05-18,russell,RUS,George Russell,mercedes,Mercedes,63,3,7,6,63,Finished,9,
2025,7,Emilia Romagna Grand Prix,2025-05-18,sainz,SAI,Carlos Sainz,williams,Williams,55,6,8,4,63,Finished,10,
2025,7,Emilia Romagna Grand Prix,2025-05-18,hadjar,HAD,Isack Hadjar,rb,RB F1 Team,6,9,9,2,63,Finished,7,
2025,7,Emilia Romagna Grand Prix,2025-05-18,tsunoda,TSU,Yuki Tsunoda,red_bull,Red Bull,22,20,10,1,63,Finished,12,
2025,7,Emilia Romagna Grand Prix,2025-05-18,alonso,ALO,Fernando Alonso,aston_martin,Aston Martin,14,5,11,0,63,Finished,11,
2025,7,Emilia Romagna Grand Prix,2025-05-18,hulkenberg,HUL,Nico Hülkenberg,sauber,Sauber,27,17,12,0,63,Finished,15,
2025,7,Emilia Romagna Grand Prix,2025-05-18,gasly,GAS,Pierre Gasly,alpine,Alpine F1 Team,10,10,13,0,63,Finished,14,
2025,7,Emilia Romagna Grand Prix,2025-05-18,lawson,LAW,Liam Lawson,rb,RB F1 Team,30,15,14,0,63,Finished,16,
2025,7,Emilia Romagna Grand Prix,2025-05-18,stroll,STR,Lance Stroll,aston_martin,Aston Martin,18,8,15,0,63,Finished,17,
2025,7,Emilia Romagna Grand Prix,2025-05-18,colapinto,COL,Franco Colapinto,alpine,Alpine F1 Team,43,16,16,0,63,Finished,13,
2025,7,Emilia Romagna Grand Prix,2025-05-18,bearman,BEA,Oliver Bearman,haas,Haas F1 Team,87,19,17,0,63,Finished,8,
2025,7,Emilia Romagna Grand Prix,2025-05-18,bortoleto,BOR,Gabriel Bortoleto,sauber,Sauber,5,14,18,0,63,Finished,19,
2025,7,Emilia Romagna Grand Prix,2025-05-18,antonelli,ANT,Andrea Kimi Antonelli,mercedes,Mercedes,12,13,19,0,44,Retired,18,
2025,7,Emilia Romagna Grand Prix,2025-05-18,ocon,OCO,Esteban Ocon,haas,Haas F1 Team,31,18,20,0,27,Retired,20,
2025,8,Monaco Grand Prix,2025-05-25,norris,NOR,Lando Norris,mclaren,McLaren,4,1,1,25,78,Finished,1,
2025,8,Monaco Grand Prix,2025-05-25,leclerc,LEC,Charles Leclerc,ferrari,Ferrari,16,2,2,18,78,Finished,6,
2025,8,Monaco Grand Prix,2025-05-25,piastri,PIA,Oscar Piastri,mclaren,McLaren,81,3,3,15,78,Finished,4,
2025,8,Monaco Grand Prix,2025-05-25,max_verstappen,VER,Max Verstappen,red_bull,Red Bull,1,4,4,12,78,Finished,8,
2025,8,Monaco Grand Prix,2025-05-25,hamilton,HAM,Lewis Hamilton,ferrari,Ferrari,44,7,5,10,78,Finished,7,
2025,8,Monaco Grand Prix,2025-05-25,hadjar,HAD,Isack Hadjar,rb,RB F1 Team,6,5,6,8,77,Lapped,19,
2025,8,Monaco Grand Prix,2025-05-25,ocon,OCO,Esteban Ocon,haas,Haas F1 Team,31,8,7,6,77,Lapped,14,
2025,8,Monaco Grand Prix,2025-05-25,lawson,LAW,Liam Lawson,rb,RB F1 Team,30,9,8,4,77,Lapped,17,
2025,8,Monaco Grand Prix,2025-05-25,albon,ALB,Alexander Albon,williams,Williams,23,10,9,2,76,Lapped,9,
2025,8,Monaco Grand Prix,2025-05-25,sainz,SAI,Carlos Sainz,williams,Williams,55,11,10,1,76,Lapped,5,
2025,8,Monaco Grand Prix,2025-05-25,russell,RUS,George Russell,mercedes,Mercedes,63,14,11,0,76,Lapped,2,
2025,8,Monaco Grand Prix,2025-05-25,bearman,BEA,Oliver Bearman,haas,Haas F1 Team,87,20,12,0,76,Lapped,10,
2025,8,Monaco Grand Prix,2025-05-25,colapinto,COL,Franco Colapinto,alpine,Alpine F1 Team,43,18,13,0,76,Lapped,16,
2025,8,Monaco Grand Prix,2025-05-25,bortoleto,BOR,Gabriel Bortoleto,sauber,Sauber,5,16,14,0,76,Lapped,12,
2025,8,Monaco Grand Prix,2025-05-25,stroll,STR,Lance Stroll,aston_martin,Aston Martin,18,19,15,0,76,Lapped,11,
2025,8,Monaco Grand Prix,2025-05-25,hulkenberg,HUL,Nico Hülkenberg,sauber,Sauber,27,13,16,0,76,Lapped,15,
2025,8,Monaco Grand Prix,2025-05-25,tsunoda,TSU,Yuki Tsunoda,red_bull,Red Bull,22,12,17,0,76,Lapped,13,
2025,8,Monaco Grand Prix,2025-05-25,antonelli,ANT,Andrea Kimi Antonelli,mercedes,Mercedes,12,15,18,0,75,Lapped,3,
2025,8,Monaco Grand Prix,2025-05-25,alonso,ALO,Fernando Alonso,aston_martin,Aston Martin,14,6,19,0,36,Retired,18,
2025,8,Monaco Grand Prix,2025-05-25,gasly,GAS,Pierre Gasly,alpine,Alpine F1 Team,10,17,20,0,7,Retired,20,
2025,9,Spanish Grand Prix,2025-06-01,piastri,PIA,Oscar Piastri,mclaren,McLaren,81,1,1,25,66,Finished,1,
2025,9,Spanish Grand Prix,2025-06-01,norris,NOR,Lando Norris,mclaren,McLaren,4,2,2,18,66,Finished,2,
2025,9,Spanish Grand Prix,2025-06-01,leclerc,LEC,Charles Leclerc,ferrari,Ferrari,16,7,3,15,66,Finished,5,
2025,9,Spanish Grand Prix,2025-06-01,russell,RUS,George Russell,mercedes,Mercedes,63,4,4,12,66,Finished,4,
2025,9,Spanish Grand Prix,2025-06-01,hulkenberg,HUL,Nico Hülkenberg,sauber,Sauber,27,15,5,10,66,Finished,6,
2025,9,Spanish Grand Prix,2025-06-01,hamilton,HAM,Lewis Hamilton,ferrari,Ferrari,44,5,6,8,66,Finished,7,
2025,9,Spanish Grand Prix,2025-06-01,hadjar,HAD,Isack Hadjar,rb,RB F1 Team,6,9,7,6,66,Finished,8,
2025,9,Spanish Grand Prix,2025-06-01,gasly,GAS,Pierre Gasly,alpine,Alpine F1 Team,10,8,8,4,66,Finished,9,
2025,9,Spanish Grand Prix,2025-06-01,alonso,ALO,Fernando Alonso,aston_martin,Aston Martin,14,10,9,2,66,Finished,11,
2025,9,Spanish Grand Prix,2025-06-01,max_verstappen,VER,Max Verstappen,red_bull,Red Bull,1,3,10,1,66,Finished,3,
2025,9,Spanish Grand Prix,2025-06-01,lawson,LAW,Liam Lawson,rb,RB F1 Team,30,13,11,0,66,Finished,18,
2025,9,Spanish Grand Prix,2025-06-01,bortoleto,BOR,Gabriel Bortoleto,sauber,Sauber,5,12,12,0,66,Finished,13,
2025,9,Spanish Grand Prix,2025-06-01,tsunoda,TSU,Yuki Tsunoda,red_bull,Red Bull,22,19,13,0,66,Finished,10,
2025,9,Spanish Grand Prix,2025-06-01,sainz,SAI,Carlos Sainz,williams,Williams,55,17,14,0,66,Finished,17,
2025,9,Spanish Grand Prix,2025-06-01,colapinto,COL,Franco Colapinto,alpine,Alpine F1 Team,43,18,15,0,66,Finished,14,
2025,9,Spanish Grand Prix,2025-06-01,ocon,OCO,Esteban Ocon,haas,Haas F1 Team,31,16,16,0,66,Finished,15,
2025,9,Spanish Grand Prix,2025-06-01,bearman,BEA,Oliver Bearman,haas,Haas F1 Team,87,14,17,0,66,Finished,16,
2025,9,Spanish Grand Prix,2025-06-01,antonelli,ANT,Andrea Kimi Antonelli,mercedes,Mercedes,12,6,18,0,53,Retired,12,
2025,9,Spanish Grand Prix,2025-06-01,albon,ALB,Alexander Albon,williams,Williams,23,11,19,0,27,Retired,19,
2025,10,Canadian Grand Prix,2025-06-15,russell,RUS,George Russell,mercedes,Mercedes,63,1,1,25,70,Finished,1,
2025,10,Canadian Grand Prix,2025-06-15,max_verstappen,VER,Max Verstappen,red_bull,Red Bull,1,2,2,18,70,Finished,5,
2025,10,Canadian Grand Prix,2025-06-15,antonelli,ANT,Andrea Kimi Antonelli,mercedes,Mercedes,12,4,3,15,70,Finished,7,
2025,10,Canadian Grand Prix,2025-06-15,piastri,PIA,Oscar Piastri,mclaren,McLaren,81,3,4,12,70,Finished,3,
2025,10,Canadian Grand Prix,2025-06-15,leclerc,LEC,Charles Leclerc,ferrari,Ferrari,16,8,5,10,70,Finished,4,
2025,10,Canadian Grand Prix,2025-06-15,hamilton,HAM,Lewis Hamilton,ferrari,Ferrari,44,5,6,8,70,Finished,9,
2025,10,Canadian Grand Prix,2025-06-15,alonso,ALO,Fernando Alonso,aston_martin,Aston Martin,14,6,7,6,70,Finished,12,
2025,10,Canadian Grand Prix,2025-06-15,hulkenberg,HUL,Nico Hülkenberg,sauber,Sauber,27,11,8,4,70,Finished,14,
2025,10,Canadian Grand Prix,2025-06-15,ocon,OCO,Esteban Ocon,haas,Haas F1 Team,31,14,9,2,69,Lapped,8,
2025,10,Canadian Grand Prix,2025-06-15,sainz,SAI,Carlos Sainz,williams,Williams,55,16,10,1,69,Lapped,6,
2025,10,Canadian Grand Prix,2025-06-15,bearman,BEA,Oliver Bearman,haas,Haas F1 Team,87,13,11,0,69,Lapped,15,
2025,10,Canadian Grand Prix,2025-06-15,tsunoda,TSU,Yuki Tsunoda,red_bull,Red Bull,22,18,12,0,69,Lapped,13,
2025,10,Canadian Grand Prix,2025-06-15,colapinto,COL,Franco Colapinto,alpine,Alpine F1 Team,43,10,13,0,69,Lapped,17,
2025,10,Canadian Grand Prix,2025-06-15,bortoleto,BOR,Gabriel Bortoleto,sauber,Sauber,5,15,14,0,69,Lapped,16,
2025,10,Canadian Grand Prix,2025-06-15,gasly,GAS,Pierre Gasly,alpine,Alpine F1 Team,10,20,15,0,69,Lapped,11,
2025,10,Canadian Grand Prix,2025-06-15,hadjar,HAD,Isack Hadjar,rb,RB F1 Team,6,12,16,0,69,Lapped,19,
2025,10,Canadian Grand Prix,2025-06-15,stroll,STR,Lance Stroll,aston_martin,Aston Martin,18,17,17,0,69,Lapped,10,
2025,10,Canadian Grand Prix,2025-06-15,norris,NOR,Lando Norris,mclaren,McLaren,4,7,18,0,66,Retired,2,
2025,10,Canadian Grand Prix,2025-06-15,lawson,LAW,Liam Lawson,rb,RB F1 Team,30,19,19,0,53,Retired,20,
2025,10,Canadian Grand Prix,2025-06-15,albon,ALB,Alexander Albon,williams,Williams,23,9,20,0,46,Retired,18,
2025,11,Austrian Grand Prix,2025-06-29,norris,NOR,Lando Norris,mclaren,McLaren,4,1,1,25,70,Finished,2,
2025,11,Austrian Grand Prix,2025-06-29,piastri,PIA,Oscar Piastri,mclaren,McLaren,81,3,2,18,70,Finished,1,
2025,11,Austrian Grand Prix,2025-06-29,leclerc,LEC,Charles Leclerc,ferrari,Ferrari,16,2,3,15,70,Finished,4,
2025,11,Austrian Grand Prix,2025-06-29,hamilton,HAM,Lewis Hamilton,ferrari,Ferrari,44,4,4,12,70,Finished,3,
2025,11,Austrian Grand Prix,2025-06-29,russell,RUS,George Russell,mercedes,Mercedes,63,5,5,10,70,Finished,7,
2025,11,Austrian Grand Prix,2025-06-29,lawson,LAW,Liam Lawson,rb,RB F1 Team,30,6,6,8,70,Finished,14,
2025,11,Austrian Grand Prix,2025-06-29,alonso,ALO,Fernando Alonso,aston_martin,Aston Martin,14,11,7,6,69,Lapped,12,
2025,11,Austrian Grand Prix,2025-06-29,bortoleto,BOR,Gabriel Bortoleto,sauber,Sauber,5,8,8,4,69,Lapped,6,
2025,11,Austrian Grand Prix,2025-06-29,hulkenberg,HUL,Nico Hülkenberg,sauber,Sauber,27,20,9,2,69,Lapped,8,
2025,11,Austrian Grand Prix,2025-06-29,ocon,OCO,Esteban Ocon,haas,Haas F1 Team,31,17,10,1,69,Lapped,9,
2025,11,Austrian Grand Prix,2025-06-29,bearman,BEA,Oliver Bearman,haas,Haas F1 Team,87,15,11,0,69,Lapped,13,
2025,11,Austrian Grand Prix,2025-06-29,hadjar,HAD,Isack Hadjar,rb,RB F1 Team,6,13,12,0,69,Lapped,16,
2025,11,Austrian Grand Prix,2025-06-29,gasly,GAS,Pierre Gasly,alpine,Alpine F1 Team,10,10,13,0,69,Lapped,15,
2025,11,Austrian Grand Prix,2025-06-29,stroll,STR,Lance Stroll,aston_martin,Aston Martin,18,16,14,0,69,Lapped,5,
2025,11,Austrian Grand Prix,2025-06-29,colapinto,COL,Franco Colapinto,alpine,Alpine F1 Team,43,14,15,0,69,Lapped,10,
2025,11,Austrian Grand Prix,2025-06-29,tsunoda,TSU,Yuki Tsunoda,red_bull,Red Bull,22,18,16,0,68,Lapped,11,
2025,11,Austrian Grand Prix,2025-06-29,albon,ALB,Alexander Albon,williams,Williams,23,12,17,0,15,Retired,17,
2025,11,Austrian Grand Prix,2025-06-29,max_verstappen,VER,Max Verstappen,red_bull,Red Bull,1,7,18,0,0,Retired,,
2025,11,Austrian Grand Prix,2025-06-29,antonelli,ANT,Andrea Kimi Antonelli,mercedes,Mercedes,12,9,19,0,0,Retired,,
2025,11,Austrian Grand Prix,2025-06-29,sainz,SAI,Carlos Sainz,williams,Williams,55,19,20,0,0,Did not start,,
2025,12,British Grand Prix,2025-07-06,norris,NOR,Lando Norris,mclaren,McLaren,4,3,1,25,52,Finished,2,
2025,12,British Grand Prix,2025-07-06,piastri,PIA,Oscar Piastri,mclaren,McLaren,81,2,2,18,52,Finished,1,
2025,12,British Grand Prix,2025-07-06,hulkenberg,HUL,Nico Hülkenberg,sauber,Sauber,27,19,3,15,52,Finished,14,
2025,12,British Grand Prix,2025-07-06,hamilton,HAM,Lewis Hamilton,ferrari,Ferrari,44,5,4,12,52,Finished,3,
2025,12,British Grand Prix,2025-07-06,max_verstappen,VER,Max Verstappen,red_bull,Red Bull,1,1,5,10,52,Finished,5,
2025,12,British Grand Prix,2025-07-06,gasly,GAS,Pierre Gasly,alpine,Alpine F1 Team,10,8,6,8,52,Finished,8,
2025,12,British Grand Prix,2025-07-06,stroll,STR,Lance Stroll,aston_martin,Aston Martin,18,17,7,6,52,Finished,15,
2025,12,British Grand Prix,2025-07-06,albon,ALB,Alexander Albon,williams,Williams,23,13,8,4,52,Finished,4,
2025,12,British Grand Prix,2025-07-06,alonso,ALO,Fernando Alonso,aston_martin,Aston Martin,14,7,9,2,52,Finished,6,
2025,12,British Grand Prix,2025-07-06,russell,RUS,George Russell,mercedes,Mercedes,63,4,10,1,52,Finished,11,
2025,12,British Grand Prix,2025-07-06,bearman,BEA,Oliver Bearman,haas,Haas F1 Team,87,18,11,0,52,Finished,13,
2025,12,British Grand Prix,2025-07-06,sainz,SAI,Carlos Sainz,williams,Williams,55,9,12,0,52,Finished,7,
2025,12,British Grand Prix,2025-07-06,ocon,OCO,Esteban Ocon,haas,Haas F1 Team,31,14,13,0,52,Finished,9,
2025,12,British Grand Prix,2025-07-06,leclerc,LEC,Charles Leclerc,ferrari,Ferrari,16,6,14,0,52,Finished,10,
2025,12,British Grand Prix,2025-07-06,tsunoda,TSU,Yuki Tsunoda,red_bull,Red Bull,22,11,15,0,51,Lapped,12,
2025,12,British Grand Prix,2025-07-06,antonelli,ANT,Andrea Kimi Antonelli,mercedes,Mercedes,12,10,16,0,23,Retired,17,
2025,12,British Grand Prix,2025-07-06,hadjar,HAD,Isack Hadjar,rb,RB F1 Team,6,12,17,0,17,Retired,16,
2025,12,British Grand Prix,2025-07-06,bortoleto,BOR,Gabriel Bortoleto,sauber,Sauber,5,16,18,0,3,Retired,18,
2025,12,British Grand Prix,2025-07-06,lawson,LAW,Liam Lawson,rb,RB F1 Team,30,15,19,0,0,Retired,,
2025,12,British Grand Prix,2025-07-06,colapinto,COL,Franco Colapinto,alpine,Alpine F1 Team,43,20,20,0,0,Did not start,,
2025,13,Belgian Grand Prix,2025-07-27,piastri,PIA,Oscar Piastri,mclaren,McLaren,81,2,1,25,44,Finished,4,
2025,13,Belgian Grand Prix,2025-07-27,norris,NOR,Lando Norris,mclaren,McLaren,4,1,2,18,44,Finished,3,
2025,13,Belgian Grand Prix,2025-07-27,leclerc,LEC,Charles Leclerc,ferrari,Ferrari,16,3,3,15,44,Finished,9,
2025,13,Belgian Grand Prix,2025-07-27,max_verstappen,VER,Max Verstappen,red_bull,Red Bull,1,4,4,12,44,Finished,7,
2025,13,Belgian Grand Prix,2025-07-27,russell,RUS,George Russell,mercedes,Mercedes,63,6,5,10,44,Finished,11,
2025,13,Belgian Grand Prix,2025-07-27,albon,ALB,Alexander Albon,williams,Williams,23,5,6,8,44,Finished,15,
2025,13,Belgian Grand Prix,2025-07-27,hamilton,HAM,Lewis Hamilton,ferrari,Ferrari,44,18,7,6,44,Finished,10,
2025,13,Belgian Grand Prix,2025-07-27,lawson,LAW,Liam Lawson,rb,RB F1 Team,30,9,8,4,44,Finished,12,
2025,13,Belgian Grand Prix,2025-07-27,bortoleto,BOR,Gabriel Bortoleto,sauber,Sauber,5,10,9,2,44,Finished,16,
2025,13,Belgian Grand Prix,2025-07-27,gasly,GAS,Pierre Gasly,alpine,Alpine F1 Team,10,13,10,1,44,Finished,17,
2025,13,Belgian Grand Prix,2025-07-27,bearman,BEA,Oliver Bearman,haas,Haas F1 Team,87,12,11,0,44,Finished,13,
2025,13,Belgian Grand Prix,2025-07-27,hulkenberg,HUL,Nico Hülkenberg,sauber,Sauber,27,14,12,0,44,Finished,2,
2025,13,Belgian Grand Prix,2025-07-27,tsunoda,TSU,Yuki Tsunoda,red_bull,Red Bull,22,7,13,0,44,Finished,19,
2025,13,Belgian Grand Prix,2025-07-27,stroll,STR,Lance Stroll,aston_martin,Aston Martin,18,16,14,0,44,Finished,18,
2025,13,Belgian Grand Prix,2025-07-27,ocon,OCO,Esteban Ocon,haas,Haas F1 Team,31,11,15,0,44,Finished,14,
2025,13,Belgian Grand Prix,2025-07-27,antonelli,ANT,Andrea Kimi Antonelli,mercedes,Mercedes,12,19,16,0,44,Finished,1,
2025,13,Belgian Grand Prix,2025-07-27,alonso,ALO,Fernando Alonso,aston_martin,Aston Martin,14,20,17,0,44,Finished,5,
2025,13,Belgian Grand Prix,2025-07-27,sainz,SAI,Carlos Sainz,williams,Williams,55,17,18,0,44,Finished,6,
2025,13,Belgian Grand Prix,2025-07-27,colapinto,COL,Franco Colapinto,alpine,Alpine F1 Team,43,15,19,0,44,Finished,8,
2025,13,Belgian Grand Prix,2025-07-27,hadjar,HAD,Isack Hadjar,rb,RB F1 Team,6,8,20,0,43,Lapped,20,
2025,14,Hungarian Grand Prix,2025-08-03,norris,NOR,Lando Norris,mclaren,McLaren,4,3,1,25,70,Finished,5,
2025,14,Hungarian Grand Prix,2025-08-03,piastri,PIA,Oscar Piastri,mclaren,McLaren,81,2,2,18,70,Finished,2,
2025,14,Hungarian Grand Prix,2025-08-03,russell,RUS,George Russell,mercedes,Mercedes,63,4,3,15,70,Finished,1,
2025,14,Hungarian Grand Prix,2025-08-03,leclerc,LEC,Charles Leclerc,ferrari,Ferrari,16,1,4,12,70,Finished,9,
2025,14,Hungarian Grand Prix,2025-08-03,alonso,ALO,Fernando Alonso,aston_martin,Aston Martin,14,5,5,10,70,Finished,8,
2025,14,Hungarian Grand Prix,2025-08-03,bortoleto,BOR,Gabriel Bortoleto,sauber,Sauber,5,7,6,8,70,Finished,11,
2025,14,Hungarian Grand Prix,2025-08-03,stroll,STR,Lance Stroll,aston_martin,Aston Martin,18,6,7,6,70,Finished,12,
2025,14,Hungarian Grand Prix,2025-08-03,lawson,LAW,Liam Lawson,rb,RB F1 Team,30,9,8,4,70,Finished,10,
2025,14,Hungarian Grand Prix,2025-08-03,max_verstappen,VER,Max Verstappen,red_bull,Red Bull,1,8,9,2,70,Finished,3,
2025,14,Hungarian Grand Prix,2025-08-03,antonelli,ANT,Andrea Kimi Antonelli,mercedes,Mercedes,12,15,10,1,69,Lapped,13,
2025,14,Hungarian Grand Prix,2025-08-03,hadjar,HAD,Isack Hadjar,rb,RB F1 Team,6,10,11,0,69,Lapped,15,
2025,14,Hungarian Grand Prix,2025-08-03,hamilton,HAM,Lewis Hamilton,ferrari,Ferrari,44,12,12,0,69,Lapped,7,
2025,14,Hungarian Grand Prix,2025-08-03,hulkenberg,HUL,Nico Hülkenberg,sauber,Sauber,27,18,13,0,69,Lapped,6,
2025,14,Hungarian Grand Prix,2025-08-03,sainz,SAI,Carlos Sainz,williams,Williams,55,13,14,0,69,Lapped,4,
2025,14,Hungarian Grand Prix,2025-08-03,albon,ALB,Alexander Albon,williams,Williams,23,19,15,0,69,Lapped,14,
2025,14,Hungarian Grand Prix,2025-08-03,ocon,OCO,Esteban Ocon,haas,Haas F1 Team,31,17,16,0,69,Lapped,19,
2025,14,Hungarian Grand Prix,2025-08-03,tsunoda,TSU,Yuki Tsunoda,red_bull,Red Bull,22,20,17,0,69,Lapped,17,
2025,14,Hungarian Grand Prix,2025-08-03,colapinto,COL,Franco Colapinto,alpine,Alpine F1 Team,43,14,18,0,69,Lapped,16,
2025,14,Hungarian Grand Prix,2025-08-03,gasly,GAS,Pierre Gasly,alpine,Alpine F1 Team,10,16,19,0,69,Lapped,18,
2025,14,Hungarian Grand Prix,2025-08-03,bearman,BEA,Oliver Bearman,haas,Haas F1 Team,87,11,20,0,48,Retired,20,
2025,15,Dutch Grand Prix,2025-08-31,piastri,PIA,Oscar Piastri,mclaren,McLaren,81,1,1,25,72,Finished,1,
2025,15,Dutch Grand Prix,2025-08-31,max_verstappen,VER,Max Verstappen,red_bull,Red Bull,1,3,2,18,72,Finished,3,
2025,15,Dutch Grand Prix,2025-08-31,hadjar,HAD,Isack Hadjar,rb,RB F1 Team,6,4,3,15,72,Finished,5,
2025,15,Dutch Grand Prix,2025-08-31,russell,RUS,George Russell,mercedes,Mercedes,63,5,4,12,72,Finished,9,
2025,15,Dutch Grand Prix,2025-08-31,albon,ALB,Alexander Albon,williams,Williams,23,15,5,10,72,Finished,7,
2025,15,Dutch Grand Prix,2025-08-31,bearman,BEA,Oliver Bearman,haas,Haas F1 Team,87,20,6,8,72,Finished,13,
2025,15,Dutch Grand Prix,2025-08-31,stroll,STR,Lance Stroll,aston_martin,Aston Martin,18,19,7,6,72,Finished,11,
2025,15,Dutch Grand Prix,2025-08-31,alonso,ALO,Fernando Alonso,aston_martin,Aston Martin,14,10,8,4,72,Finished,8,
2025,15,Dutch Grand Prix,2025-08-31,tsunoda,TSU,Yuki Tsunoda,red_bull,Red Bull,22,12,9,2,72,Finished,16,
2025,15,Dutch Grand Prix,2025-08-31,ocon,OCO,Esteban Ocon,haas,Haas F1 Team,31,18,10,1,72,Finished,14,
2025,15,Dutch Grand Prix,2025-08-31,colapinto,COL,Franco Colapinto,alpine,Alpine F1 Team,43,16,11,0,72,Finished,4,
2025,15,Dutch Grand Prix,2025-08-31,lawson,LAW,Liam Lawson,rb,RB F1 Team,30,8,12,0,72,Finished,12,
2025,15,Dutch Grand Prix,2025-08-31,sainz,SAI,Carlos Sainz,williams,Williams,55,9,13,0,72,Finished,10,
2025,15,Dutch Grand Prix,2025-08-31,hulkenberg,HUL,Nico Hülkenberg,sauber,Sauber,27,17,14,0,72,Finished,18,
2025,15,Dutch Grand Prix,2025-08-31,bortoleto,BOR,Gabriel Bortoleto,sauber,Sauber,5,13,15,0,72,Finished,15,
2025,15,Dutch Grand Prix,2025-08-31,antonelli,ANT,Andrea Kimi Antonelli,mercedes,Mercedes,12,11,16,0,72,Finished,6,
2025,15,Dutch Grand Prix,2025-08-31,gasly,GAS,Pierre Gasly,alpine,Alpine F1 Team,10,14,17,0,72,Finished,19,
2025,15,Dutch Grand Prix,2025-08-31,norris,NOR,Lando Norris,mclaren,McLaren,4,2,18,0,64,Retired,2,
2025,15,Dutch Grand Prix,2025-08-31,leclerc,LEC,Charles Leclerc,ferrari,Ferrari,16,6,19,0,52,Retired,17,
2025,15,Dutch Grand Prix,2025-08-31,hamilton,HAM,Lewis Hamilton,ferrari,Ferrari,44,7,20,0,22,Retired,20,
2025,16,Italian Grand Prix,2025-09-07,max_verstappen,VER,Max Verstappen,red_bull,Red Bull,1,1,1,25,53,Finished,2,
2025,16,Italian Grand Prix,2025-09-07,norris,NOR,Lando Norris,mclaren,McLaren,4,2,2,18,53,Finished,1,
2025,16,Italian Grand Prix,2025-09-07,piastri,PIA,Oscar Piastri,mclaren,McLaren,81,3,3,15,53,Finished,3,
2025,16,Italian Grand Prix,2025-09-07,leclerc,LEC,Charles Leclerc,ferrari,Ferrari,16,4,4,12,53,Finished,4,
2025,16,Italian Grand Prix,2025-09-07,russell,RUS,George Russell,mercedes,Mercedes,63,5,5,10,53,Finished,8,
2025,16,Italian Grand Prix,2025-09-07,hamilton,HAM,Lewis Hamilton,ferrari,Ferrari,44,10,6,8,53,Finished,6,
2025,16,Italian Grand Prix,2025-09-07,albon,ALB,Alexander Albon,williams,Williams,23,14,7,6,53,Finished,5,
2025,16,Italian Grand Prix,2025-09-07,bortoleto,BOR,Gabriel Bortoleto,sauber,Sauber,5,7,8,4,53,Finished,12,
2025,16,Italian Grand Prix,2025-09-07,antonelli,ANT,Andrea Kimi Antonelli,mercedes,Mercedes,12,6,9,2,53,Finished,10,
2025,16,Italian Grand Prix,2025-09-07,hadjar,HAD,Isack Hadjar,rb,RB F1 Team,6,19,10,1,53,Finished,11,
2025,16,Italian Grand Prix,2025-09-07,sainz,SAI,Carlos Sainz,williams,Williams,55,13,11,0,53,Finished,7,
2025,16,Italian Grand Prix,2025-09-07,bearman,BEA,Oliver Bearman,haas,Haas F1 Team,87,11,12,0,53,Finished,9,
2025,16,Italian Grand Prix,2025-09-07,tsunoda,TSU,Yuki Tsunoda,red_bull,Red Bull,22,9,13,0,53,Finished,16,
2025,16,Italian Grand Prix,2025-09-07,lawson,LAW,Liam Lawson,rb,RB F1 Team,30,18,14,0,53,Finished,17,
2025,16,Italian Grand Prix,2025-09-07,ocon,OCO,Esteban Ocon,haas,Haas F1 Team,31,15,15,0,52,Lapped,18,
2025,16,Italian Grand Prix,2025-09-07,gasly,GAS,Pierre Gasly,alpine,Alpine F1 Team,10,20,16,0,52,Lapped,14,
2025,16,Italian Grand Prix,2025-09-07,colapinto,COL,Franco Colapinto,alpine,Alpine F1 Team,43,17,17,0,52,Lapped,15,
2025,16,Italian Grand Prix,2025-09-07,stroll,STR,Lance Stroll,aston_martin,Aston Martin,18,16,18,0,52,Lapped,13,
2025,16,Italian Grand Prix,2025-09-07,alonso,ALO,Fernando Alonso,aston_martin,Aston Martin,14,8,19,0,24,Retired,19,
2025,16,Italian Grand Prix,2025-09-07,hulkenberg,HUL,Nico Hülkenberg,sauber,Sauber,27,12,20,0,0,Did not start,,
2025,17,Azerbaijan Grand Prix,2025-09-21,max_verstappen,VER,Max Verstappen,red_bull,Red Bull,1,1,1,25,51,Finished,1,
2025,17,Azerbaijan Grand Prix,2025-09-21,russell,RUS,George Russell,mercedes,Mercedes,63,5,2,18,51,Finished,2,
2025,17,Azerbaijan Grand Prix,2025-09-21,sainz,SAI,Carlos Sainz,williams,Williams,55,2,3,15,51,Finished,4,
2025,17,Azerbaijan Grand Prix,2025-09-21,antonelli,ANT,Andrea Kimi Antonelli,mercedes,Mercedes,12,4,4,12,51,Finished,6,
2025,17,Azerbaijan Grand Prix,2025-09-21,lawson,LAW,Liam Lawson,rb,RB F1 Team,30,3,5,10,51,Finished,13,
2025,17,Azerbaijan Grand Prix,2025-09-21,tsunoda,TSU,Yuki Tsunoda,red_bull,Red Bull,22,6,6,8,51,Finished,12,
2025,17,Azerbaijan Grand Prix,2025-09-21,norris,NOR,Lando Norris,mclaren,McLaren,4,7,7,6,51,Finished,8,
2025,17,Azerbaijan Grand Prix,2025-09-21,hamilton,HAM,Lewis Hamilton,ferrari,Ferrari,44,12,8,4,51,Finished,5,
2025,17,Azerbaijan Grand Prix,2025-09-21,leclerc,LEC,Charles Leclerc,ferrari,Ferrari,16,10,9,2,51,Finished,9,
2025,17,Azerbaijan Grand Prix,2025-09-21,hadjar,HAD,Isack Hadjar,rb,RB F1 Team,6,8,10,1,51,Finished,3,
2025,17,Azerbaijan Grand Prix,2025-09-21,bortoleto,BOR,Gabriel Bortoleto,sauber,Sauber,5,13,11,0,51,Finished,14,
2025,17,Azerbaijan Grand Prix,2025-09-21,bearman,BEA,Oliver Bearman,haas,Haas F1 Team,87,15,12,0,51,Finished,10,
2025,17,Azerbaijan Grand Prix,2025-09-21,albon,ALB,Alexander Albon,williams,Williams,23,19,13,0,51,Finished,7,
2025,17,Azerbaijan Grand Prix,2025-09-21,ocon,OCO,Esteban Ocon,haas,Haas F1 Team,31,20,14,0,51,Finished,17,
2025,17,Azerbaijan Grand Prix,2025-09-21,alonso,ALO,Fernando Alonso,aston_martin,Aston Martin,14,11,15,0,51,Finished,15,
2025,17,Azerbaijan Grand Prix,2025-09-21,hulkenberg,HUL,Nico Hülkenberg,sauber,Sauber,27,17,16,0,51,Finished,11,
2025,17,Azerbaijan Grand Prix,2025-09-21,stroll,STR,Lance Stroll,aston_martin,Aston Martin,18,14,17,0,51,Finished,16,
2025,17,Azerbaijan Grand Prix,2025-09-21,gasly,GAS,Pierre Gasly,alpine,Alpine F1 Team,10,18,18,0,50,Lapped,18,
2025,17,Azerbaijan Grand Prix,2025-09-21,colapinto,COL,Franco Colapinto,alpine,Alpine F1 Team,43,16,19,0,50,Lapped,19,
2025,17,Azerbaijan Grand Prix,2025-09-21,piastri,PIA,Oscar Piastri,mclaren,McLaren,81,9,20,0,0,Retired,,
2025,18,Singapore Grand Prix,2025-10-05,russell,RUS,George Russell,mercedes,Mercedes,63,1,1,25,62,Finished,11,
2025,18,Singapore Grand Prix,2025-10-05,max_verstappen,VER,Max Verstappen,red_bull,Red Bull,1,2,2,18,62,Finished,10,
2025,18,Singapore Grand Prix,2025-10-05,norris,NOR,Lando Norris,mclaren,McLaren,4,5,3,15,62,Finished,7,
2025,18,Singapore Grand Prix,2025-10-05,piastri,PIA,Oscar Piastri,mclaren,McLaren,81,3,4,12,62,Finished,6,
2025,18,Singapore Grand Prix,2025-10-05,antonelli,ANT,Andrea Kimi Antonelli,mercedes,Mercedes,12,4,5,10,62,Finished,4,
2025,18,Singapore Grand Prix,2025-10-05,leclerc,LEC,Charles Leclerc,ferrari,Ferrari,16,7,6,8,62,Finished,14,
2025,18,Singapore Grand Prix,2025-10-05,alonso,ALO,Fernando Alonso,aston_martin,Aston Martin,14,10,7,6,62,Finished,13,
2025,18,Singapore Grand Prix,2025-10-05,hamilton,HAM,Lewis Hamilton,ferrari,Ferrari,44,6,8,4,62,Finished,1,
2025,18,Singapore Grand Prix,2025-10-05,bearman,BEA,Oliver Bearman,haas,Haas F1 Team,87,9,9,2,62,Finished,15,
2025,18,Singapore Grand Prix,2025-10-05,sainz,SAI,Carlos Sainz,williams,Williams,55,18,10,1,61,Lapped,3,
2025,18,Singapore Grand Prix,2025-10-05,hadjar,HAD,Isack Hadjar,rb,RB F1 Team,6,8,11,0,61,Lapped,18,
2025,18,Singapore Grand Prix,2025-10-05,tsunoda,TSU,Yuki Tsunoda,red_bull,Red Bull,22,13,12,0,61,Lapped,17,
2025,18,Singapore Grand Prix,2025-10-05,stroll,STR,Lance Stroll,aston_martin,Aston Martin,18,15,13,0,61,Lapped,12,
2025,18,Singapore Grand Prix,2025-10-05,albon,ALB,Alexander Albon,williams,Williams,23,20,14,0,61,Lapped,9,
2025,18,Singapore Grand Prix,2025-10-05,lawson,LAW,Liam Lawson,rb,RB F1 Team,30,12,15,0,61,Lapped,8,
2025,18,Singapore Grand Prix,2025-10-05,colapinto,COL,Franco Colapinto,alpine,Alpine F1 Team,43,16,16,0,61,Lapped,20,
2025,18,Singapore Grand Prix,2025-10-05,bortoleto,BOR,Gabriel Bortoleto,sauber,Sauber,5,14,17,0,61,Lapped,19,
2025,18,Singapore Grand Prix,2025-10-05,ocon,OCO,Esteban Ocon,haas,Haas F1 Team,31,17,18,0,61,Lapped,16,
2025,18,Singapore Grand Prix,2025-10-05,gasly,GAS,Pierre Gasly,alpine,Alpine F1 Team,10,19,19,0,61,Lapped,2,
2025,18,Singapore Grand Prix,2025-10-05,hulkenberg,HUL,Nico Hülkenberg,sauber,Sauber,27,11,20,0,61,Lapped,5,
2025,19,United States Grand Prix,2025-10-19,max_verstappen,VER,Max Verstappen,red_bull,Red Bull,1,1,1,25,56,Finished,3,
2025,19,United States Grand Prix,2025-10-19,norris,NOR,Lando Norris,mclaren,McLaren,4,2,2,18,56,Finished,2,
2025,19,United States Grand Prix,2025-10-19,leclerc,LEC,Charles Leclerc,ferrari,Ferrari,16,3,3,15,56,Finished,5,
2025,19,United States Grand Prix,2025-10-19,hamilton,HAM,Lewis Hamilton,ferrari,Ferrari,44,5,4,12,56,Finished,8,
2025,19,United States Grand Prix,2025-10-19,piastri,PIA,Oscar Piastri,mclaren,McLaren,81,6,5,10,56,Finished,10,
2025,19,United States Grand Prix,2025-10-19,russell,RUS,George Russell,mercedes,Mercedes,63,4,6,8,56,Finished,4,
2025,19,United States Grand Prix,2025-10-19,tsunoda,TSU,Yuki Tsunoda,red_bull,Red Bull,22,13,7,6,56,Finished,13,
2025,19,United States Grand Prix,2025-10-19,hulkenberg,HUL,Nico Hülkenberg,sauber,Sauber,27,11,8,4,56,Finished,9,
2025,19,United States Grand Prix,2025-10-19,bearman,BEA,Oliver Bearman,haas,Haas F1 Team,87,8,9,2,56,Finished,16,
2025,19,United States Grand Prix,2025-10-19,alonso,ALO,Fernando Alonso,aston_martin,Aston Martin,14,10,10,1,56,Finished,12,
2025,19,United States Grand Prix,2025-10-19,lawson,LAW,Liam Lawson,rb,RB F1 Team,30,12,11,0,56,Finished,14,
2025,19,United States Grand Prix,2025-10-19,stroll,STR,Lance Stroll,aston_martin,Aston Martin,18,19,12,0,56,Finished,15,
2025,19,United States Grand Prix,2025-10-19,antonelli,ANT,Andrea Kimi Antonelli,mercedes,Mercedes,12,7,13,0,56,Finished,1,
2025,19,United States Grand Prix,2025-10-19,albon,ALB,Alexander Albon,williams,Williams,23,18,14,0,56,Finished,7,
2025,19,United States Grand Prix,2025-10-19,ocon,OCO,Esteban Ocon,haas,Haas F1 Team,31,17,15,0,56,Finished,18,
2025,19,United States Grand Prix,2025-10-19,hadjar,HAD,Isack Hadjar,rb,RB F1 Team,6,20,16,0,56,Finished,11,
2025,19,United States Grand Prix,2025-10-19,colapinto,COL,Franco Colapinto,alpine,Alpine F1 Team,43,15,17,0,55,Lapped,17,
2025,19,United States Grand Prix,2025-10-19,bortoleto,BOR,Gabriel Bortoleto,sauber,Sauber,5,16,18,0,55,Lapped,6,
2025,19,United States Grand Prix,2025-10-19,gasly,GAS,Pierre Gasly,alpine,Alpine F1 Team,10,14,19,0,55,Lapped,19,
2025,19,United States Grand Prix,2025-10-19,sainz,SAI,Carlos Sainz,williams,Williams,55,9,20,0,5,Retired,20,
2025,20,Mexico City Grand Prix,2025-10-26,norris,NOR,Lando Norris,mclaren,McLaren,4,1,1,25,71,Finished,8,
2025,20,Mexico City Grand Prix,2025-10-26,leclerc,LEC,Charles Leclerc,ferrari,Ferrari,16,2,2,18,71,Finished,14,
2025,20,Mexico City Grand Prix,2025-10-26,max_verstappen,VER,Max Verstappen,red_bull,Red Bull,1,5,3,15,71,Finished,10,
2025,20,Mexico City Grand Prix,2025-10-26,bearman,BEA,Oliver Bearman,haas,Haas F1 Team,87,9,4,12,71,Finished,7,
2025,20,Mexico City Grand Prix,2025-10-26,piastri,PIA,Oscar Piastri,mclaren,McLaren,81,7,5,10,71,Finished,3,
2025,20,Mexico City Grand Prix,2025-10-26,antonelli,ANT,Andrea Kimi Antonelli,mercedes,Mercedes,12,6,6,8,71,Finished,9,
2025,20,Mexico City Grand Prix,2025-10-26,russell,RUS,George Russell,mercedes,Mercedes,63,4,7,6,71,Finished,1,
2025,20,Mexico City Grand Prix,2025-10-26,hamilton,HAM,Lewis Hamilton,ferrari,Ferrari,44,3,8,4,71,Finished,6,
2025,20,Mexico City Grand Prix,2025-10-26,ocon,OCO,Esteban Ocon,haas,Haas F1 Team,31,11,9,2,71,Finished,17,
2025,20,Mexico City Grand Prix,2025-10-26,bortoleto,BOR,Gabriel Bortoleto,sauber,Sauber,5,16,10,1,71,Finished,11,
2025,20,Mexico City Grand Prix,2025-10-26,tsunoda,TSU,Yuki Tsunoda,red_bull,Red Bull,22,10,11,0,71,Finished,13,
2025,20,Mexico City Grand Prix,2025-10-26,albon,ALB,Alexander Albon,williams,Williams,23,17,12,0,70,Lapped,4,
2025,20,Mexico City Grand Prix,2025-10-26,hadjar,HAD,Isack Hadjar,rb,RB F1 Team,6,8,13,0,70,Lapped,16,
2025,20,Mexico City Grand Prix,2025-10-26,stroll,STR,Lance Stroll,aston_martin,Aston Martin,18,19,14,0,70,Lapped,5,
2025,20,Mexico City Grand Prix,2025-10-26,gasly,GAS,Pierre Gasly,alpine,Alpine F1 Team,10,18,15,0,70,Lapped,18,
2025,20,Mexico City Grand Prix,2025-10-26,colapinto,COL,Franco Colapinto,alpine,Alpine F1 Team,43,20,16,0,70,Lapped,12,
2025,20,Mexico City Grand Prix,2025-10-26,sainz,SAI,Carlos Sainz,williams,Williams,55,12,17,0,67,Retired,2,
2025,20,Mexico City Grand Prix,2025-10-26,alonso,ALO,Fernando Alonso,aston_martin,Aston Martin,14,14,18,0,34,Retired,15,
2025,20,Mexico City Grand Prix,2025-10-26,hulkenberg,HUL,Nico Hülkenberg,sauber,Sauber,27,13,19,0,25,Retired,19,
2025,20,Mexico City Grand Prix,2025-10-26,lawson,LAW,Liam Lawson,rb,RB F1 Team,30,15,20,0,5,Retired,20,
2025,21,São Paulo Grand Prix,2025-11-09,norris,NOR,Lando Norris,mclaren,McLaren,4,1,1,25,71,Finished,6,
2025,21,São Paulo Grand Prix,2025-11-09,antonelli,ANT,Andrea Kimi Antonelli,mercedes,Mercedes,12,2,2,18,71,Finished,9,
2025,21,São Paulo Grand Prix,2025-11-09,max_verstappen,VER,Max Verstappen,red_bull,Red Bull,1,19,3,15,71,Finished,2,
2025,21,São Paulo Grand Prix,2025-11-09,russell,RUS,George Russell,mercedes,Mercedes,63,6,4,12,71,Finished,8,
2025,21,São Paulo Grand Prix,2025-11-09,piastri,PIA,Oscar Piastri,mclaren,McLaren,81,4,5,10,71,Finished,3,
2025,21,São Paulo Grand Prix,2025-11-09,bearman,BEA,Oliver Bearman,haas,Haas F1 Team,87,8,6,8,71,Finished,13,
2025,21,São Paulo Grand Prix,2025-11-09,lawson,LAW,Liam Lawson,rb,RB F1 Team,30,7,7,6,71,Finished,18,
2025,21,São Paulo Grand Prix,2025-11-09,hadjar,HAD,Isack Hadjar,rb,RB F1 Team,6,5,8,4,71,Finished,15,
2025,21,São Paulo Grand Prix,2025-11-09,hulkenberg,HUL,Nico Hülkenberg,sauber,Sauber,27,10,9,2,71,Finished,11,
2025,21,São Paulo Grand Prix,2025-11-09,gasly,GAS,Pierre Gasly,alpine,Alpine F1 Team,10,9,10,1,71,Finished,16,
2025,21,São Paulo Grand Prix,2025-11-09,albon,ALB,Alexander Albon,williams,Williams,23,12,11,0,71,Finished,1,
2025,21,São Paulo Grand Prix,2025-11-09,ocon,OCO,Esteban Ocon,haas,Haas F1 Team,31,20,12,0,71,Finished,12,
2025,21,São Paulo Grand Prix,2025-11-09,sainz,SAI,Carlos Sainz,williams,Williams,55,15,13,0,71,Finished,14,
2025,21,São Paulo Grand Prix,2025-11-09,alonso,ALO,Fernando Alonso,aston_martin,Aston Martin,14,11,14,0,71,Finished,10,
2025,21,São Paulo Grand Prix,2025-11-09,colapinto,COL,Franco Colapinto,alpine,Alpine F1 Team,43,16,15,0,71,Finished,5,
2025,21,São Paulo Grand Prix,2025-11-09,stroll,STR,Lance Stroll,aston_martin,Aston Martin,18,14,16,0,71,Finished,7,
2025,21,São Paulo Grand Prix,2025-11-09,tsunoda,TSU,Yuki Tsunoda,red_bull,Red Bull,22,17,17,0,71,Finished,4,
2025,21,São Paulo Grand Prix,2025-11-09,hamilton,HAM,Lewis Hamilton,ferrari,Ferrari,44,13,18,0,37,Retired,17,
2025,21,São Paulo Grand Prix,2025-11-09,leclerc,LEC,Charles Leclerc,ferrari,Ferrari,16,3,19,0,5,Retired,19,
2025,21,São Paulo Grand Prix,2025-11-09,bortoleto,BOR,Gabriel Bortoleto,sauber,Sauber,5,18,20,0,0,Retired,,
2025,22,Las Vegas Grand Prix,2025-11-23,max_verstappen,VER,Max Verstappen,red_bull,Red Bull,1,2,1,25,50,Finished,1,
2025,22,Las Vegas Grand Prix,2025-11-23,russell,RUS,George Russell,mercedes,Mercedes,63,4,2,18,50,Finished,9,
2025,22,Las Vegas Grand Prix,2025-11-23,antonelli,ANT,Andrea Kimi Antonelli,mercedes,Mercedes,12,17,3,15,50,Finished,2,
2025,22,Las Vegas Grand Prix,2025-11-23,leclerc,LEC,Charles Leclerc,ferrari,Ferrari,16,9,4,12,50,Finished,3,
2025,22,Las Vegas Grand Prix,2025-11-23,sainz,SAI,Carlos Sainz,williams,Williams,55,3,5,10,50,Finished,4,
2025,22,Las Vegas Grand Prix,2025-11-23,hadjar,HAD,Isack Hadjar,rb,RB F1 Team,6,8,6,8,50,Finished,10,
2025,22,Las Vegas Grand Prix,2025-11-23,hulkenberg,HUL,Nico Hülkenberg,sauber,Sauber,27,11,7,6,50,Finished,8,
2025,22,Las Vegas Grand Prix,2025-11-23,hamilton,HAM,Lewis Hamilton,ferrari,Ferrari,44,19,8,4,50,Finished,6,
2025,22,Las Vegas Grand Prix,2025-11-23,ocon,OCO,Esteban Ocon,haas,Haas F1 Team,31,13,9,2,50,Finished,7,
2025,22,Las Vegas Grand Prix,2025-11-23,bearman,BEA,Oliver Bearman,haas,Haas F1 Team,87,14,10,1,50,Finished,5,
2025,22,Las Vegas Grand Prix,2025-11-23,alonso,ALO,Fernando Alonso,aston_martin,Aston Martin,14,7,11,0,50,Finished,14,
2025,22,Las Vegas Grand Prix,2025-11-23,tsunoda,TSU,Yuki Tsunoda,red_bull,Red Bull,22,20,12,0,50,Finished,12,
2025,22,Las Vegas Grand Prix,2025-11-23,gasly,GAS,Pierre Gasly,alpine,Alpine F1 Team,10,10,13,0,50,Finished,15,
2025,22,Las Vegas Grand Prix,2025-11-23,lawson,LAW,Liam Lawson,rb,RB F1 Team,30,6,14,0,49,Lapped,11,
2025,22,Las Vegas Grand Prix,2025-11-23,colapinto,COL,Franco Colapinto,alpine,Alpine F1 Team,43,15,15,0,49,Lapped,16,
2025,22,Las Vegas Grand Prix,2025-11-23,albon,ALB,Alexander Albon,williams,Williams,23,16,16,0,35,Retired,13,
2025,22,Las Vegas Grand Prix,2025-11-23,bortoleto,BOR,Gabriel Bortoleto,sauber,Sauber,5,18,17,0,2,Retired,,
2025,22,Las Vegas Grand Prix,2025-11-23,stroll,STR,Lance Stroll,aston_martin,Aston Martin,18,12,18,0,0,Retired,,
2025,22,Las Vegas Grand Prix,2025-11-23,norris,NOR,Lando Norris,mclaren,McLaren,4,1,19,0,50,Disqualified,,
2025,22,Las Vegas Grand Prix,2025-11-23,piastri,PIA,Oscar Piastri,mclaren,McLaren,81,5,20,0,50,Disqualified,,
2025,23,Qatar Grand Prix,2025-11-30,max_verstappen,VER,Max Verstappen,red_bull,Red Bull,1,3,1,25,57,Finished,5,
2025,23,Qatar Grand Prix,2025-11-30,piastri,PIA,Oscar Piastri,mclaren,McLaren,81,1,2,18,57,Finished,1,
2025,23,Qatar Grand Prix,2025-11-30,sainz,SAI,Carlos Sainz,williams,Williams,55,7,3,15,57,Finished,6,
2025,23,Qatar Grand Prix,2025-11-30,norris,NOR,Lando Norris,mclaren,McLaren,4,2,4,12,57,Finished,2,
2025,23,Qatar Grand Prix,2025-11-30,antonelli,ANT,Andrea Kimi Antonelli,mercedes,Mercedes,12,5,5,10,57,Finished,8,
2025,23,Qatar Grand Prix,2025-11-30,russell,RUS,George Russell,mercedes,Mercedes,63,4,6,8,57,Finished,3,
2025,23,Qatar Grand Prix,2025-11-30,alonso,ALO,Fernando Alonso,aston_martin,Aston Martin,14,8,7,6,57,Finished,7,
2025,23,Qatar Grand Prix,2025-11-30,leclerc,LEC,Charles Leclerc,ferrari,Ferrari,16,10,8,4,57,Finished,13,
2025,23,Qatar Grand Prix,2025-11-30,lawson,LAW,Liam Lawson,rb,RB F1 Team,30,12,9,2,57,Finished,9,
2025,23,Qatar Grand Prix,2025-11-30,tsunoda,TSU,Yuki Tsunoda,red_bull,Red Bull,22,15,10,1,57,Finished,10,
2025,23,Qatar Grand Prix,2025-11-30,albon,ALB,Alexander Albon,williams,Williams,23,14,11,0,57,Finished,11,
2025,23,Qatar Grand Prix,2025-11-30,hamilton,HAM,Lewis Hamilton,ferrari,Ferrari,44,17,12,0,57,Finished,14,
2025,23,Qatar Grand Prix,2025-11-30,bortoleto,BOR,Gabriel Bortoleto,sauber,Sauber,5,19,13,0,57,Finished,17,
2025,23,Qatar Grand Prix,2025-11-30,colapinto,COL,Franco Colapinto,alpine,Alpine F1 Team,43,20,14,0,56,Lapped,19,
2025,23,Qatar Grand Prix,2025-11-30,ocon,OCO,Esteban Ocon,haas,Haas F1 Team,31,16,15,0,56,Lapped,16,
2025,23,Qatar Grand Prix,2025-11-30,gasly,GAS,Pierre Gasly,alpine,Alpine F1 Team,10,9,16,0,56,Lapped,18,
2025,23,Qatar Grand Prix,2025-11-30,stroll,STR,Lance Stroll,aston_martin,Aston Martin,18,18,17,0,55,Retired,4,
2025,23,Qatar Grand Prix,2025-11-30,hadjar,HAD,Isack Hadjar,rb,RB F1 Team,6,6,18,0,55,Retired,12,
2025,23,Qatar Grand Prix,2025-11-30,bearman,BEA,Oliver Bearman,haas,Haas F1 Team,87,13,19,0,41,Retired,15,
2025,23,Qatar Grand Prix,2025-11-30,hulkenberg,HUL,Nico Hülkenberg,sauber,Sauber,27,11,20,0,6,Retired,20,
2025,24,Abu Dhabi Grand Prix,2025-12-07,max_verstappen,VER,Max Verstappen,red_bull,Red Bull,1,1,1,25,58,Finished,5,
2025,24,Abu Dhabi Grand Prix,2025-12-07,piastri,PIA,Oscar Piastri,mclaren,McLaren,81,3,2,18,58,Finished,2,
2025,24,Abu Dhabi Grand Prix,2025-12-07,norris,NOR,Lando Norris,mclaren,McLaren,4,2,3,15,58,Finished,3,
2025,24,Abu Dhabi Grand Prix,2025-12-07,leclerc,LEC,Charles Leclerc,ferrari,Ferrari,16,5,4,12,58,Finished,1,
2025,24,Abu Dhabi Grand Prix,2025-12-07,russell,RUS,George Russell,mercedes,Mercedes,63,4,5,10,58,Finished,14,
2025,24,Abu Dhabi Grand Prix,2025-12-07,alonso,ALO,Fernando Alonso,aston_martin,Aston Martin,14,6,6,8,58,Finished,11,
2025,24,Abu Dhabi Grand Prix,2025-12-07,ocon,OCO,Esteban Ocon,haas,Haas F1 Team,31,8,7,6,58,Finished,15,
2025,24,Abu Dhabi Grand Prix,2025-12-07,hamilton,HAM,Lewis Hamilton,ferrari,Ferrari,44,16,8,4,58,Finished,10,
2025,24,Abu Dhabi Grand Prix,2025-12-07,hulkenberg,HUL,Nico Hülkenberg,sauber,Sauber,27,18,9,2,58,Finished,4,
2025,24,Abu Dhabi Grand Prix,2025-12-07,stroll,STR,Lance Stroll,aston_martin,Aston Martin,18,15,10,1,58,Finished,6,
2025,24,Abu Dhabi Grand Prix,2025-12-07,bortoleto,BOR,Gabriel Bortoleto,sauber,Sauber,5,7,11,0,58,Finished,19,
2025,24,Abu Dhabi Grand Prix,2025-12-07,bearman,BEA,Oliver Bearman,haas,Haas F1 Team,87,11,12,0,58,Finished,17,
2025,24,Abu Dhabi Grand Prix,2025-12-07,sainz,SAI,Carlos Sainz,williams,Williams,55,12,13,0,58,Finished,18,
2025,24,Abu Dhabi Grand Prix,2025-12-07,tsunoda,TSU,Yuki Tsunoda,red_bull,Red Bull,22,10,14,0,58,Finished,13,
2025,24,Abu Dhabi Grand Prix,2025-12-07,antonelli,ANT,Andrea Kimi Antonelli,mercedes,Mercedes,12,14,15,0,58,Finished,9,
2025,24,Abu Dhabi Grand Prix,2025-12-07,albon,ALB,Alexander Albon,williams,Williams,23,17,16,0,58,Finished,12,
2025,24,Abu Dhabi Grand Prix,2025-12-07,hadjar,HAD,Isack Hadjar,rb,RB F1 Team,6,9,17,0,57,Lapped,20,
2025,24,Abu Dhabi Grand Prix,2025-12-07,lawson,LAW,Liam Lawson,rb,RB F1 Team,30,13,18,0,57,Lapped,16,
2025,24,Abu Dhabi Grand Prix,2025-12-07,gasly,GAS,Pierre Gasly,alpine,Alpine F1 Team,10,19,19,0,57,Lapped,8,
2025,24,Abu Dhabi Grand Prix,2025-12-07,colapinto,COL,Franco Colapinto,alpine,Alpine F1 Team,43,20,20,0,57,Lapped,7,
